species_id	sample_id	long_reads	short_reads	lrtechnology	numsr	numlr
abau	SAMN12769618	SRR11176972	SRR11176973	OXFORD_NANOPORE	1	1
ecol	SAMN24907326	SRR18777561	SRR18777562	OXFORD_NANOPORE	1	1
ecol	SAMN15423745	SRR12207193	SRR12207194	OXFORD_NANOPORE	1	1
ecol	SAMN29499317	SRR19977217	SRR19977205	OXFORD_NANOPORE	1	1
ecol	SAMN24907327	SRR18777559	SRR18777560	OXFORD_NANOPORE	1	1
ecol	SAMN10432165	SRR21547805	SRR8192791	OXFORD_NANOPORE	1	2
ecol	SAMN07363400	SRR21547807	SRR5864678	OXFORD_NANOPORE	1	1
ecol	SAMN07375592	SRR21547806	SRR5870510	OXFORD_NANOPORE	1	1
ecol	SAMN36841951	SRR25570560	SRR25523645	OXFORD_NANOPORE	1	1
ecol	SAMN36984462	SRR26643263	SRR25635027	OXFORD_NANOPORE	1	1
ecol	SAMN36984461	SRR26643265	SRR25635025	OXFORD_NANOPORE	1	1
ecol	SAMN36841952	SRR25570561	SRR25523643	OXFORD_NANOPORE	1	1
ecol	SAMN36984458	SRR26643264	SRR25635101	OXFORD_NANOPORE	1	1
ecol	SAMN24907331	SRR18777553	SRR18777554	OXFORD_NANOPORE	1	1
ecol	SAMN09489939	SRR21465136	SRR7439153	OXFORD_NANOPORE	1	1
ecol	SAMN24907330	SRR18777555	SRR18777556	OXFORD_NANOPORE	1	1
ecol	SAMN14640123	SRR24335781	SRR11585298	OXFORD_NANOPORE	1	1
ecol	SAMN38673180	SRR27089209	SRR27089201	OXFORD_NANOPORE	1	1
ecol	SAMN34375060	SRR24308100	SRR24308050	OXFORD_NANOPORE	1	1
ecol	SAMN34375049	SRR24308000	SRR24308062	OXFORD_NANOPORE	1	1
ecol	SAMN34375052	SRR24308108	SRR24308059	OXFORD_NANOPORE	1	1
ecol	SAMN34375061	SRR24308099	SRR24308049	OXFORD_NANOPORE	1	1
ecol	SAMN34375051	SRR24307998	SRR24308060	OXFORD_NANOPORE	1	1
ecol	SAMN34375050	SRR24307999	SRR24308061	OXFORD_NANOPORE	1	1
ecol	SAMN34360982	SRR24308007	SRR24308070	OXFORD_NANOPORE	1	1
ecol	SAMN39998263	SRR28375022	SRR28015252	OXFORD_NANOPORE	1	1
ecol	SAMN34360984	SRR24308005	SRR24308068	OXFORD_NANOPORE	1	1
ecol	SAMN22830670	SRR16690171	SRR16690172	OXFORD_NANOPORE	1	1
ecol	SAMN17214837	SRR13358236	SRR13358231	OXFORD_NANOPORE	1	1
ecol	SAMN25236411	SRR17772292	SRR17731597	OXFORD_NANOPORE	1	1
ecol	SAMN35706290	SRR25500367	SRR25500368	OXFORD_NANOPORE	1	1
ecol	SAMN22251350	SRR18439256	SRR18439255	OXFORD_NANOPORE	1	1
ecol	SAMN38673179	SRR27089210	SRR27089217	OXFORD_NANOPORE	1	1
ecol	SAMN34360985	SRR24308004	SRR24308067	OXFORD_NANOPORE	1	1
ecol	SAMN28550360	SRR19324999	SRR19325005	OXFORD_NANOPORE	1	1
ecol	SAMN16279676	SRR21620894	SRR21620895	OXFORD_NANOPORE	1	1
ecol	SAMN34360967	SRR24308024	SRR24308087	OXFORD_NANOPORE	1	1
ecol	SAMN38673171	SRR27089221	SRR27089226	OXFORD_NANOPORE	1	1
ecol	SAMN34360983	SRR24308006	SRR24308069	OXFORD_NANOPORE	1	1
ecol	SAMN33748627	SRR24390414	SRR24390060	OXFORD_NANOPORE	1	1
ecol	SAMN15402835	SRR12123271	SRR12123270	OXFORD_NANOPORE	1	1
ecol	SAMN34360970	SRR24308021	SRR24308083	OXFORD_NANOPORE	1	1
ecol	SAMN34360963	SRR24308028	SRR24308091	OXFORD_NANOPORE	1	1
ecol	SAMN32977649	SRR23290062	SRR23290089	OXFORD_NANOPORE	1	1
ecol	SAMN25236404	SRR17772283	SRR17731588	OXFORD_NANOPORE	1	1
ecol	SAMN28550361	SRR19325008	SRR19325004	OXFORD_NANOPORE	1	1
ecol	SAMN34360969	SRR24308022	SRR24308084	OXFORD_NANOPORE	1	1
ecol	SAMN34360951	SRR24308042	SRR24308085	OXFORD_NANOPORE	1	1
ecol	SAMN17815181	SRR21547803	SRR13643257	OXFORD_NANOPORE	1	1
ecol	SAMN34375059	SRR24308101	SRR24308051	OXFORD_NANOPORE	1	1
ecol	SAMN33748626	SRR24322336	SRR24322337	OXFORD_NANOPORE	1	1
ecol	SAMN39992795	SRR28036860	SRR28012661	OXFORD_NANOPORE	1	1
ecol	SAMN33712750	SRR23800501	SRR23800502	OXFORD_NANOPORE	1	1
ecol	SAMN33748624	SRR24321377	SRR24321378	OXFORD_NANOPORE	1	1
ecol	SAMN34360979	SRR24308011	SRR24308073	OXFORD_NANOPORE	1	1
ecol	SAMN29499321	SRR19977213	SRR19977229	OXFORD_NANOPORE	1	1
ecol	SAMN34375055	SRR24308105	SRR24308056	OXFORD_NANOPORE	1	1
ecol	SAMN34375054	SRR24308106	SRR24308057	OXFORD_NANOPORE	1	1
ecol	SAMN34375057	SRR24308103	SRR24308054	OXFORD_NANOPORE	1	1
ecol	SAMN34375063	SRR24308096	SRR24308047	OXFORD_NANOPORE	1	1
ecol	SAMN34375047	SRR24308002	SRR24308065	OXFORD_NANOPORE	1	1
ecol	SAMN34375053	SRR24308107	SRR24308058	OXFORD_NANOPORE	1	1
ecol	SAMN34375064	SRR24308095	SRR24308046	OXFORD_NANOPORE	1	1
ecol	SAMN34375062	SRR24308097	SRR24308048	OXFORD_NANOPORE	1	1
ecol	SAMN34360949	SRR24308044	SRR24308111	OXFORD_NANOPORE	1	1
ecol	SAMN34375048	SRR24308001	SRR24308064	OXFORD_NANOPORE	1	1
ecol	SAMN34360950	SRR24308043	SRR24308110	OXFORD_NANOPORE	1	1
ecol	SAMN10141488	SRR12008670	SRR7912362	OXFORD_NANOPORE	1	1
ecol	SAMN15410927	SRR12123279	SRR12123278	OXFORD_NANOPORE	1	1
ecol	SAMN34360954	SRR24308038	SRR24308052	OXFORD_NANOPORE	1	1
ecol	SAMN13951921	SRR11038963	SRR11038975	OXFORD_NANOPORE	1	1
ecol	SAMN34375058	SRR24308102	SRR24308053	OXFORD_NANOPORE	1	1
ecol	SAMN29939567	SRR26205263	SRR26205264	OXFORD_NANOPORE	1	1
ecol	SAMN34375056	SRR24308104	SRR24308055	OXFORD_NANOPORE	1	1
ecol	SAMN37560772	SRR26195174	SRR26195173	OXFORD_NANOPORE	1	1
ecol	SAMN17214846	SRR13358235	SRR13358221	OXFORD_NANOPORE	1	1
ecol	SAMN26512579	SRR18269321	SRR18269322	OXFORD_NANOPORE	1	1
ecol	SAMN38673173	SRR27089218	SRR27089212	OXFORD_NANOPORE	1	1
ecol	SAMN25236397	SRR17772298	SRR17731603	OXFORD_NANOPORE	1	1
ecol	SAMN34360953	SRR24308039	SRR24308063	OXFORD_NANOPORE	1	1
ecol	SAMN34360981	SRR24308009	SRR24308071	OXFORD_NANOPORE	1	1
ecol	SAMN34360975	SRR24308015	SRR24308078	OXFORD_NANOPORE	1	1
ecol	SAMN33748625	SRR24322334	SRR24322335	OXFORD_NANOPORE	1	1
ecol	SAMN25236412	SRR17772291	SRR17731596	OXFORD_NANOPORE	1	1
ecol	SAMN10141462	SRR12008671	SRR7912383	OXFORD_NANOPORE	1	1
ecol	SAMN34360973	SRR24308017	SRR24308080	OXFORD_NANOPORE	1	1
ecol	SAMN14277527	SRR11252625	SRR11252626	OXFORD_NANOPORE	1	1
ecol	SAMN32080935	SRR22875063	SRR22875070	OXFORD_NANOPORE	1	1
ecol	SAMN34360956	SRR24308036	SRR24308030	OXFORD_NANOPORE	1	1
ecol	SAMN30608554	SRR21681204	SRR21681205	OXFORD_NANOPORE	1	1
ecol	SAMN34360952	SRR24308040	SRR24308074	OXFORD_NANOPORE	1	1
ecol	SAMN14277528	SRR11252623	SRR11252624	OXFORD_NANOPORE	1	1
ecol	SAMN12275742	SRR16940876	SRR16940902	OXFORD_NANOPORE	1	2
ecol	SAMN11997551	SRR27967206	SRR27967203	OXFORD_NANOPORE	2	1
ecol	SAMN14277526	SRR11252627	SRR11252628	OXFORD_NANOPORE	1	1
ecol	SAMN34360976	SRR24308014	SRR24308077	OXFORD_NANOPORE	1	1
ecol	SAMN28550357	SRR19325002	SRR19325010	OXFORD_NANOPORE	1	1
ecol	SAMN34360978	SRR24308012	SRR24308075	OXFORD_NANOPORE	1	1
ecol	SAMN21924052	SRR21465916	SRR16132309	OXFORD_NANOPORE	1	1
ecol	SAMN34360960	SRR24308032	SRR24308098	OXFORD_NANOPORE	1	1
ecol	SAMN25247371	SRR17758649	SRR17758648	OXFORD_NANOPORE	1	1
ecol	SAMN34360966	SRR24308025	SRR24308088	OXFORD_NANOPORE	1	1
ecol	SAMN22251400	SRR18439254	SRR18439253	OXFORD_NANOPORE	1	1
ecol	SAMN34360972	SRR24308018	SRR24308081	OXFORD_NANOPORE	1	1
ecol	SAMN10141433	SRR12008673	SRR7912392	OXFORD_NANOPORE	1	1
ecol	SAMN34360971	SRR24308020	SRR24308082	OXFORD_NANOPORE	1	1
ecol	SAMN34375065	SRR24308094	SRR24308045	OXFORD_NANOPORE	1	1
ecol	SAMN17214847	SRR13358234	SRR13358220	OXFORD_NANOPORE	1	1
ecol	SAMN33902174	SRR27733101	SRR27733102	OXFORD_NANOPORE	1	1
ecol	SAMN34360955	SRR24308037	SRR24308041	OXFORD_NANOPORE	1	1
ecol	SAMN34360974	SRR24308016	SRR24308079	OXFORD_NANOPORE	1	1
ecol	SAMN22252057	SRR18439252	SRR18439251	OXFORD_NANOPORE	1	1
ecol	SAMN34360964	SRR24308027	SRR24308090	OXFORD_NANOPORE	1	1
ecol	SAMN38673178	SRR27089211	SRR27089202	OXFORD_NANOPORE	1	1
ecol	SAMN13951926	SRR11038986	SRR11038980	OXFORD_NANOPORE	1	1
ecol	SAMN25236405	SRR17772282	SRR17731587	OXFORD_NANOPORE	1	1
ecol	SAMN11997559	SRR27967207	SRR27967204	OXFORD_NANOPORE	2	1
ecol	SAMN39992797	SRR28036858	SRR28012680	OXFORD_NANOPORE	1	1
ecol	SAMN16231001	SRR21634504	SRR21634505	OXFORD_NANOPORE	1	1
ecol	SAMN39992799	SRR28036856	SRR28012678	OXFORD_NANOPORE	1	1
ecol	SAMN19493560	SRR14710796	SRR14710795	OXFORD_NANOPORE	1	1
ecol	SAMN41094954	SRR29099108	SRR28816069	OXFORD_NANOPORE	1	1
ecol	SAMN41094955	SRR29099107	SRR28816068	OXFORD_NANOPORE	1	1
ecol	SAMN10141490	SRR12008669	SRR7912411	OXFORD_NANOPORE	1	1
ecol	SAMN11997563	SRR27967205	SRR27967202	OXFORD_NANOPORE	2	1
ecol	SAMN38673176	SRR27089214	SRR27089220	OXFORD_NANOPORE	1	1
ecol	SAMN24145077	SRR21504737	SRR17250641	OXFORD_NANOPORE	1	1
ecol	SAMN10141460	SRR12008672	SRR7912381	OXFORD_NANOPORE	1	1
ecol	SAMN34360957	SRR24308035	SRR24308019	OXFORD_NANOPORE	1	1
ecol	SAMN38646034	SRR27285304	SRR27050476	OXFORD_NANOPORE	1	1
ecol	SAMN39334900	SRR28375028	SRR27482348	OXFORD_NANOPORE	1	1
ecol	SAMN34360980	SRR24308010	SRR24308072	OXFORD_NANOPORE	1	1
ecol	SAMN34360977	SRR24308013	SRR24308076	OXFORD_NANOPORE	1	1
ecol	SAMN37855938	SRR26967109	SRR26407666	OXFORD_NANOPORE	1	1
ecol	SAMN37529180	SRR26162837	SRR26162828	OXFORD_NANOPORE	1	1
ecol	SAMN32080938	SRR22875072	SRR22875067	OXFORD_NANOPORE	1	1
ecol	SAMN34360961	SRR24308031	SRR24308093	OXFORD_NANOPORE	1	1
ecol	SAMN29499312	SRR19977223	SRR19977220	OXFORD_NANOPORE	1	1
ecol	SAMN16077358	SRR12844968	SRR12844969	OXFORD_NANOPORE	1	1
ecol	SAMN16077359	SRR12844970	SRR12844971	OXFORD_NANOPORE	1	1
ecol	SAMN32755850	SRR23100673	SRR23100676	OXFORD_NANOPORE	1	1
ecol	SAMN34360958	SRR24308034	SRR24308008	OXFORD_NANOPORE	1	1
ecol	SAMN34360965	SRR24308026	SRR24308089	OXFORD_NANOPORE	1	1
ecol	SAMN17807536	SRR13766682	SRR13766683	OXFORD_NANOPORE	1	1
ecol	SAMN13951916	SRR11038984	SRR11038969	OXFORD_NANOPORE	1	1
ecol	SAMN22232796	SRR18439260	SRR18439259	OXFORD_NANOPORE	1	1
ecol	SAMN13951922	SRR11038964	SRR11038976	OXFORD_NANOPORE	1	1
ecol	SAMN13951918	SRR11038960	SRR11038971	OXFORD_NANOPORE	1	1
ecol	SAMN39992805	SRR28036849	SRR28012672	OXFORD_NANOPORE	1	1
ecol	SAMN33748628	SRR24321375	SRR24321376	OXFORD_NANOPORE	1	1
ecol	SAMN39992804	SRR28036851	SRR28012673	OXFORD_NANOPORE	1	1
ecol	SAMN38673181	SRR27089208	SRR27089224	OXFORD_NANOPORE	1	1
ecol	SAMN25236398	SRR17772289	SRR17731594	OXFORD_NANOPORE	1	1
ecol	SAMN22251340	SRR18439258	SRR18439257	OXFORD_NANOPORE	1	1
ecol	SAMN30655617	SRR21547797	SRR21410264	OXFORD_NANOPORE	1	1
ecol	SAMN13951925	SRR11038985	SRR11038979	OXFORD_NANOPORE	1	1
ecol	SAMN34360962	SRR24308029	SRR24308092	OXFORD_NANOPORE	1	1
ecol	SAMN25236406	SRR17772297	SRR17731602	OXFORD_NANOPORE	1	1
ecol	SAMN39992806	SRR28036848	SRR28012670	OXFORD_NANOPORE	1	1
ecol	SAMN21398202	SRR15859209	SRR15859210	OXFORD_NANOPORE	1	1
ecol	SAMN12285857	SRR12316385	SRR10426898	OXFORD_NANOPORE	1	2
ecol	SAMN34360959	SRR24308033	SRR24308109	OXFORD_NANOPORE	1	1
ecol	SAMN39992801	SRR28036854	SRR28012676	OXFORD_NANOPORE	1	1
ecol	SAMN15889824	SRR12506199	SRR12506200	OXFORD_NANOPORE	1	1
ecol	SAMN17214845	SRR13358212	SRR13358222	OXFORD_NANOPORE	1	1
ecol	SAMN36766252	SRR26465446	SRR26465405	OXFORD_NANOPORE	1	1
ecol	SAMN13951917	SRR11038959	SRR11038970	OXFORD_NANOPORE	1	1
ecol	SAMN32755849	SRR23100674	SRR23100677	OXFORD_NANOPORE	1	1
ecol	SAMN39992798	SRR28036857	SRR28012679	OXFORD_NANOPORE	1	1
ecol	SAMN38788848	SRR27285307	SRR27185907	OXFORD_NANOPORE	1	1
ecol	SAMN13756518	SRR10896390	SRR10896389	OXFORD_NANOPORE	1	1
ecol	SAMN25236410	SRR17772293	SRR17731598	OXFORD_NANOPORE	1	1
ecol	SAMN17214844	SRR13358213	SRR13358223	OXFORD_NANOPORE	1	1
ecol	SAMN25378667	SRR21680817	SRR21680818	OXFORD_NANOPORE	1	1
ecol	SAMN39992791	SRR28036842	SRR28012665	OXFORD_NANOPORE	1	1
ecol	SAMN32755851	SRR23100672	SRR23100675	OXFORD_NANOPORE	1	1
ecol	SAMN17807534	SRR13766701	SRR13766712	OXFORD_NANOPORE	1	1
ecol	SAMN29939558	SRR26205278	SRR26205279	OXFORD_NANOPORE	1	1
ecol	SAMN28550362	SRR19325007	SRR19325003	OXFORD_NANOPORE	1	1
ecol	SAMN28550358	SRR19325001	SRR19325009	OXFORD_NANOPORE	1	1
ecol	SAMN39992790	SRR28036843	SRR28012666	OXFORD_NANOPORE	1	1
ecol	SAMN39992789	SRR28036844	SRR28012667	OXFORD_NANOPORE	1	1
ecol	SAMN39992787	SRR28036850	SRR28012682	OXFORD_NANOPORE	1	1
ecol	SAMN13951924	SRR11038974	SRR11038978	OXFORD_NANOPORE	1	1
ecol	SAMN13951923	SRR11038965	SRR11038977	OXFORD_NANOPORE	1	1
ecol	SAMN17807537	SRR13766680	SRR13766681	OXFORD_NANOPORE	1	1
ecol	SAMN41094847	SRR29099097	SRR28815870	OXFORD_NANOPORE	1	1
ecol	SAMN37529172	SRR26162846	SRR26162850	OXFORD_NANOPORE	1	1
ecol	SAMN21037614	SRR21680729	SRR21680730	OXFORD_NANOPORE	1	1
ecol	SAMN37529175	SRR26162843	SRR26162833	OXFORD_NANOPORE	1	1
ecol	SAMN21398207	SRR15859207	SRR15859208	OXFORD_NANOPORE	1	1
ecol	SAMN21398203	SRR15859217	SRR15859218	OXFORD_NANOPORE	1	1
ecol	SAMN38673183	SRR27089206	SRR27089222	OXFORD_NANOPORE	1	1
ecol	SAMN13951915	SRR11038983	SRR11038968	OXFORD_NANOPORE	1	1
ecol	SAMN25236408	SRR28036861	SRR28019622	OXFORD_NANOPORE	2	2
ecol	SAMN21398204	SRR15859215	SRR15859216	OXFORD_NANOPORE	1	1
ecol	SAMN21398205	SRR15859213	SRR15859214	OXFORD_NANOPORE	1	1
ecol	SAMN21398206	SRR15859211	SRR15859212	OXFORD_NANOPORE	1	1
ecol	SAMN38673175	SRR27089215	SRR27089204	OXFORD_NANOPORE	1	1
ecol	SAMN37560771	SRR26195176	SRR26195175	OXFORD_NANOPORE	1	1
ecol	SAMN14503865	SRR11476986	SRR11476987	OXFORD_NANOPORE	1	1
ecol	SAMN39992807	SRR28036847	SRR28012669	OXFORD_NANOPORE	1	1
ecol	SAMN28404986	SRR19213039	SRR19213040	OXFORD_NANOPORE	1	1
ecol	SAMN09729056	SRR11850983	SRR11850982	OXFORD_NANOPORE	1	1
ecol	SAMN39992786	SRR28036862	SRR28012683	OXFORD_NANOPORE	1	1
ecol	SAMN13951920	SRR11038962	SRR11038973	OXFORD_NANOPORE	1	1
ecol	SAMN21038243	SRR21680731	SRR21680732	OXFORD_NANOPORE	1	1
ecol	SAMN21036792	SRR19975622	SRR19975623	OXFORD_NANOPORE	1	1
ecol	SAMN28404987	SRR19213017	SRR19213028	OXFORD_NANOPORE	1	1
ecol	SAMN39992802	SRR28036853	SRR28012675	OXFORD_NANOPORE	1	1
ecol	SAMN12512712	SRR10015224	SRR10015223	OXFORD_NANOPORE	1	1
ecol	SAMN28550359	SRR19325000	SRR19325006	OXFORD_NANOPORE	1	1
ecol	SAMN17807535	SRR13766684	SRR13766690	OXFORD_NANOPORE	1	1
ecol	SAMN26232716	SRR18131199	SRR18131200	OXFORD_NANOPORE	1	1
ecol	SAMN39992796	SRR28036859	SRR28012681	OXFORD_NANOPORE	1	1
ecol	SAMN15086849	SRR11909877	SRR11909878	OXFORD_NANOPORE	1	1
ecol	SAMN33417457	SRR24502284	SRR24502285	OXFORD_NANOPORE	1	1
ecol	SAMN33417455	SRR24502288	SRR24502289	OXFORD_NANOPORE	1	1
ecol	SAMN39992803	SRR28036852	SRR28012674	OXFORD_NANOPORE	1	1
ecol	SAMN31370358	SRR21983745	SRR21983747	OXFORD_NANOPORE	1	1
ecol	SAMN15889825	SRR12506197	SRR12506198	OXFORD_NANOPORE	1	1
ecol	SAMN33417456	SRR24502286	SRR24502287	OXFORD_NANOPORE	1	1
ecol	SAMN29499310	SRR19977225	SRR23300756	OXFORD_NANOPORE	2	1
ecol	SAMN29011449	SRR21133210	SRR21133211	OXFORD_NANOPORE	1	1
ecol	SAMN21039660	SRR21680749	SRR21680750	OXFORD_NANOPORE	1	1
ecol	SAMN15743069	SRR21634604	SRR21634605	OXFORD_NANOPORE	1	1
ecol	SAMN29011448	SRR21124986	SRR21124987	OXFORD_NANOPORE	1	1
ecol	SAMN17807533	SRR13766723	SRR13766724	OXFORD_NANOPORE	1	1
ecol	SAMN18287925	SRR13557747	SRR13557757	OXFORD_NANOPORE	3	1
ecol	SAMN18287924	SRR13557748	SRR13557758	OXFORD_NANOPORE	3	1
ecol	SAMN18287927	SRR13557745	SRR13557754	OXFORD_NANOPORE	3	1
ecol	SAMN18287926	SRR13557746	SRR13557752	OXFORD_NANOPORE	3	1
ecol	SAMN36852611	SRR25536467	SRR25536468	OXFORD_NANOPORE	1	1
ecol	SAMN17214841	SRR13358216	SRR13358227	OXFORD_NANOPORE	1	1
ecol	SAMD00515063	DRR396380	DRR396381	OXFORD_NANOPORE	1	1
ecol	SAMN29499313	SRR19977222	SRR19977209	OXFORD_NANOPORE	1	1
ecol	SAMN37709344	SRR26305329	SRR26305328	OXFORD_NANOPORE	1	1
ecol	SAMN37709343	SRR26305331	SRR26305330	OXFORD_NANOPORE	1	1
ecol	SAMN38673177	SRR27089213	SRR27089203	OXFORD_NANOPORE	1	1
ecol	SAMN37648160	SRR26255145	SRR26255144	OXFORD_NANOPORE	1	1
ecol	SAMN37648161	SRR26255143	SRR26255142	OXFORD_NANOPORE	1	1
ecol	SAMN17214836	SRR13358237	SRR13358232	OXFORD_NANOPORE	1	1
ecol	SAMN37648159	SRR26255149	SRR26255146	OXFORD_NANOPORE	1	1
ecol	SAMN13193109	SRR15039660	SRR10394563	OXFORD_NANOPORE	1	1
ecol	SAMN13193118	SRR15039661	SRR10394591	OXFORD_NANOPORE	1	1
ecol	SAMN17214839	SRR13358218	SRR13358229	OXFORD_NANOPORE	1	1
ecol	SAMN17214848	SRR13358233	SRR13358219	OXFORD_NANOPORE	1	1
ecol	SAMN29939562	SRR26205272	SRR26205273	OXFORD_NANOPORE	1	1
ecol	SAMN39992792	SRR28036841	SRR28012664	OXFORD_NANOPORE	1	1
ecol	SAMN17214838	SRR13358225	SRR13358230	OXFORD_NANOPORE	1	1
ecol	SAMD00515065	DRR396384	DRR396385	OXFORD_NANOPORE	1	1
ecol	SAMN26036044	SRR18070729	SRR18070730	OXFORD_NANOPORE	1	1
ecol	SAMN13756204	SRR10896392	SRR10896391	OXFORD_NANOPORE	1	1
ecol	SAMN22566690	SRR16608001	SRR16608002	OXFORD_NANOPORE	1	1
ecol	SAMN10986381	SRR9001943	SRR8610346	OXFORD_NANOPORE	1	1
ecol	SAMN30124778	SRR21641524	SRR21641525	OXFORD_NANOPORE	1	1
ecol	SAMN39992808	SRR28036846	SRR28012668	OXFORD_NANOPORE	1	1
ecol	SAMN37709341	SRR26305305	SRR26305304	OXFORD_NANOPORE	1	1
ecol	SAMN36828866	SRR25689482	SRR25510170	OXFORD_NANOPORE	1	1
ecol	SAMN36938186	SRR25689480	SRR25603927	OXFORD_NANOPORE	1	1
ecol	SAMN36872530	SRR25689479	SRR25551086	OXFORD_NANOPORE	1	1
ecol	SAMN36938187	SRR25689478	SRR25603929	OXFORD_NANOPORE	1	1
ecol	SAMN36984457	SRR26382618	SRR25635028	OXFORD_NANOPORE	1	1
ecol	SAMN08768105	SRR7896264	SRR7896257	OXFORD_NANOPORE	1	1
ecol	SAMN36938185	SRR25689477	SRR25603930	OXFORD_NANOPORE	1	1
ecol	SAMN10574722	SRR10346075	SRR10337442	OXFORD_NANOPORE	1	2
ecol	SAMN08768102	SRR7896263	SRR7896252	OXFORD_NANOPORE	1	1
ecol	SAMN08768110	SRR7896261	SRR7896258	OXFORD_NANOPORE	1	1
ecol	SAMN01998190	SRR26841612	SRR26841613	OXFORD_NANOPORE	1	1
ecol	SAMN08768103	SRR7896262	SRR7896251	OXFORD_NANOPORE	1	1
ecol	SAMN08768104	SRR7896265	SRR7896250	OXFORD_NANOPORE	1	1
ecol	SAMN01112512	SRR27967421	SRR27967418	OXFORD_NANOPORE	2	1
ecol	SAMN01112701	SRR27967420	SRR27967417	OXFORD_NANOPORE	2	1
ecol	SAMN08768107	SRR7896266	SRR7896255	OXFORD_NANOPORE	1	1
ecol	SAMN08768108	SRR7896269	SRR7896254	OXFORD_NANOPORE	1	1
ecol	SAMN07339706	SRR5816150	SRR5816151	OXFORD_NANOPORE	1	1
ecol	SAMN01112590	SRR27967419	SRR27967416	OXFORD_NANOPORE	2	1
ecol	SAMN08768106	SRR7896267	SRR7896256	OXFORD_NANOPORE	1	1
ecol	SAMN12603272	SRR10013746	SRR10013874	OXFORD_NANOPORE	1	1
ecol	SAMN08768109	SRR7896268	SRR7896259	OXFORD_NANOPORE	1	1
ecol	SAMN19011647	SRR14804996	SRR14750047	OXFORD_NANOPORE	1	1
ecol	SAMN08768111	SRR7896260	SRR7896248	OXFORD_NANOPORE	1	1
ecol	SAMN19011646	SRR14804997	SRR14750046	OXFORD_NANOPORE	1	1
ecol	SAMN19011645	SRR14804998	SRR14750050	OXFORD_NANOPORE	1	1
ecol	SAMN12603263	SRR10013759	SRR10013883	OXFORD_NANOPORE	1	1
ecol	SAMN12603266	SRR10013744	SRR10013886	OXFORD_NANOPORE	1	1
ecol	SAMN12603271	SRR10013745	SRR10013873	OXFORD_NANOPORE	1	1
ecol	SAMN12603261	SRR10013751	SRR10013890	OXFORD_NANOPORE	1	1
ecol	SAMN12603269	SRR10013753	SRR10013871	OXFORD_NANOPORE	1	1
ecol	SAMN12603265	SRR10013743	SRR10013885	OXFORD_NANOPORE	1	1
ecol	SAMN12603262	SRR10013752	SRR10013891	OXFORD_NANOPORE	1	1
ecol	SAMN12603258	SRR10013748	SRR10013881	OXFORD_NANOPORE	1	1
ecol	SAMN12603260	SRR10013750	SRR10013889	OXFORD_NANOPORE	1	1
ecol	SAMN12603259	SRR10013749	SRR10013888	OXFORD_NANOPORE	1	1
ecol	SAMN12603257	SRR10013758	SRR10013880	OXFORD_NANOPORE	1	1
ecol	SAMN12603264	SRR10013742	SRR10013884	OXFORD_NANOPORE	1	1
ecol	SAMN12603270	SRR10013754	SRR10013872	OXFORD_NANOPORE	1	1
kpne	SAMN10353651	SRR12072214	SRR12072215	OXFORD_NANOPORE	1	1
kpne	SAMN37529182	SRR26162835	SRR26162848	OXFORD_NANOPORE	1	1
kpne	SAMN28404989	SRR19213008	SRR19213009	OXFORD_NANOPORE	1	1
kpne	SAMN06112188	SRR6266394	SRR6307304	OXFORD_NANOPORE	2	3
kpne	SAMN12228410	SRR10176979	SRR10176980	OXFORD_NANOPORE	1	1
kpne	SAMN36766255	SRR26465443	SRR26465402	OXFORD_NANOPORE	1	1
kpne	SAMN22024793	SRR17687077	SRR16202846	OXFORD_NANOPORE	1	1
kpne	SAMN36766251	SRR26465447	SRR26465406	OXFORD_NANOPORE	1	1
kpne	SAMN36766253	SRR26465445	SRR26465404	OXFORD_NANOPORE	1	1
kpne	SAMN32977652	SRR23290059	SRR23290086	OXFORD_NANOPORE	1	1
kpne	SAMN22024790	SRR17687073	SRR16202849	OXFORD_NANOPORE	1	1
kpne	SAMN10249009	SRR15271129	SRR10094542	OXFORD_NANOPORE	1	1
kpne	SAMN41020286	SRR29090057	SRR28747400	OXFORD_NANOPORE	1	1
kpne	SAMN17815182	SRR21547802	SRR13643256	OXFORD_NANOPORE	1	1
kpne	SAMN32093417	SRR23387321	SRR22564892	OXFORD_NANOPORE	1	1
kpne	SAMN19589280	SRR18934831	SRR18934830	OXFORD_NANOPORE	1	1
kpne	SAMN32733973	SRR23387322	SRR23080399	OXFORD_NANOPORE	1	1
kpne	SAMN32978013	SRR25213975	SRR23290110	OXFORD_NANOPORE	1	1
kpne	SAMN11054834	SRR8668708	SRR8668707	OXFORD_NANOPORE	1	1
kpne	SAMN08133261	SRR6348587	SRR6348596	OXFORD_NANOPORE	1	1
kpne	SAMN08133260	SRR6348590	SRR6348595	OXFORD_NANOPORE	1	1
kpne	SAMN39595402	SRR28375007	SRR27710328	OXFORD_NANOPORE	1	1
kpne	SAMN36766254	SRR26465444	SRR26465403	OXFORD_NANOPORE	1	1
kpne	SAMN22024792	SRR17687078	SRR16202847	OXFORD_NANOPORE	1	1
kpne	SAMN37529181	SRR26994302	SRR26162827	OXFORD_NANOPORE	1	2
kpne	SAMN08133262	SRR6348588	SRR6348593	OXFORD_NANOPORE	1	1
kpne	SAMN24523856	SRR21504736	SRR17383790	OXFORD_NANOPORE	1	1
kpne	SAMN24145033	SRR21547800	SRR17250566	OXFORD_NANOPORE	1	1
kpne	SAMEA8550523	ERR10846345	ERR5696865	OXFORD_NANOPORE	1	1
kpne	SAMN28404993	SRR19213035	SRR19213036	OXFORD_NANOPORE	1	1
kpne	SAMN28404992	SRR19213037	SRR19213038	OXFORD_NANOPORE	1	1
kpne	SAMN24790942	SRR17543074	SRR17543075	OXFORD_NANOPORE	1	1
kpne	SAMN29499316	SRR19977218	SRR19977206	OXFORD_NANOPORE	1	1
kpne	SAMEA3357374	ERR10367382	ERR1023671	OXFORD_NANOPORE	1	2
kpne	SAMN17214843	SRR13358214	SRR13358224	OXFORD_NANOPORE	1	1
kpne	SAMN22024781	SRR17687075	SRR16202840	OXFORD_NANOPORE	1	1
kpne	SAMN14792099	SRR21465924	SRR11725286	OXFORD_NANOPORE	1	1
kpne	SAMN18878040	SRR16883170	SRR14338897	OXFORD_NANOPORE	1	1
kpne	SAMN28404990	SRR19213006	SRR19213007	OXFORD_NANOPORE	1	1
kpne	SAMN14082702	SRR11249001	SRR11249000	OXFORD_NANOPORE	1	1
kpne	SAMN38122036	SRR27285305	SRR26683555	OXFORD_NANOPORE	1	1
kpne	SAMN22024794	SRR17687074	SRR16202845	OXFORD_NANOPORE	1	1
kpne	SAMN13497075	SRR10686562	SRR10686561	OXFORD_NANOPORE	1	1
kpne	SAMN07638733	SRR6032542	SRR6032541	OXFORD_NANOPORE	1	1
kpne	SAMN33288247	SRR25480265	SRR23456125	OXFORD_NANOPORE	1	1
kpne	SAMN22024795	SRR17687082	SRR16202844	OXFORD_NANOPORE	1	1
kpne	SAMN40254322	SRR28375018	SRR28217765	OXFORD_NANOPORE	1	1
kpne	SAMN14082726	SRR11248995	SRR11248994	OXFORD_NANOPORE	1	1
kpne	SAMN29499315	SRR19977219	SRR19977207	OXFORD_NANOPORE	1	1
kpne	SAMN22024796	SRR17687081	SRR16202843	OXFORD_NANOPORE	1	1
kpne	SAMN22551386	SRR16572848	SRR16572839	OXFORD_NANOPORE	1	1
kpne	SAMD00574222	DRR438598	DRR438597	OXFORD_NANOPORE	1	1
kpne	SAMN14640188	SRR24335778	SRR11585225	OXFORD_NANOPORE	1	1
kpne	SAMN37529176	SRR26994303	SRR26162832	OXFORD_NANOPORE	1	2
kpne	SAMN22024798	SRR17880883	SRR16202841	OXFORD_NANOPORE	1	1
kpne	SAMN39976604	SRR27998987	SRR27998988	OXFORD_NANOPORE	1	1
kpne	SAMN32542161	SRR22955925	SRR22955926	OXFORD_NANOPORE	1	1
kpne	SAMN36766249	SRR26465449	SRR26465408	OXFORD_NANOPORE	1	1
kpne	SAMEA3357016	SRR5635115	ERR1008684	OXFORD_NANOPORE	1	1
kpne	SAMEA3357337	ERR10367379	ERR1023640	OXFORD_NANOPORE	1	1
kpne	SAMN15086847	SRR11909881	SRR11909882	OXFORD_NANOPORE	1	1
kpne	SAMN22551388	SRR16572847	SRR16572850	OXFORD_NANOPORE	1	1
kpne	SAMN06112194	SRR21864875	SRR5082451	OXFORD_NANOPORE	1	1
kpne	SAMN22024782	SRR17687072	SRR16202829	OXFORD_NANOPORE	1	1
kpne	SAMN08391417	SRR6653996	SRR6653995	OXFORD_NANOPORE	1	1
kpne	SAMEA3357330	ERR10367378	ERR1023633	OXFORD_NANOPORE	1	1
kpne	SAMN15488602	SRR12247731	SRR12183835	OXFORD_NANOPORE	1	1
kpne	SAMN41094956	SRR29099100	SRR28816067	OXFORD_NANOPORE	1	1
kpne	SAMN41094958	SRR29099098	SRR28816065	OXFORD_NANOPORE	1	1
kpne	SAMN41020284	SRR29090059	SRR28747402	OXFORD_NANOPORE	1	1
kpne	SAMN22024791	SRR17880884	SRR16202848	OXFORD_NANOPORE	1	1
kpne	SAMN29499324	SRR19977210	SRR19977226	OXFORD_NANOPORE	1	1
kpne	SAMN29499314	SRR19977221	SRR19977208	OXFORD_NANOPORE	1	1
kpne	SAMN29499311	SRR19977224	SRR19977231	OXFORD_NANOPORE	1	1
kpne	SAMN22024797	SRR17687080	SRR16202842	OXFORD_NANOPORE	1	1
kpne	SAMN39725114	SRR27842368	SRR27842369	OXFORD_NANOPORE	1	1
kpne	SAMN14640201	SRR24335776	SRR11585211	OXFORD_NANOPORE	1	1
kpne	SAMN08579613	SRR10728904	SRR6764265	OXFORD_NANOPORE	1	1
kpne	SAMN10432823	SRR10728903	SRR10728905	OXFORD_NANOPORE	1	1
paer	SAMN20344482	SRR23471049	SRR15210528	OXFORD_NANOPORE	1	1
paer	SAMN23286170	SRR23471044	SRR16977066	OXFORD_NANOPORE	1	1
paer	SAMN20344481	SRR23471060	SRR15210529	OXFORD_NANOPORE	1	1
paer	SAMN32874245	SRR23191127	SRR23190722	OXFORD_NANOPORE	1	1
paer	SAMN38122038	SRR27285303	SRR26683552	OXFORD_NANOPORE	1	1
paer	SAMN15907120	SRR23471057	SRR12519142	OXFORD_NANOPORE	1	1
paer	SAMN32874241	SRR23191132	SRR23190727	OXFORD_NANOPORE	1	1
paer	SAMN15907152	SRR23471053	SRR12519107	OXFORD_NANOPORE	1	1
paer	SAMN26564915	SRR23471045	SRR18292460	OXFORD_NANOPORE	1	1
paer	SAMN32874249	SRR23191123	SRR23190718	OXFORD_NANOPORE	1	1
paer	SAMN39334915	SRR28375011	SRR27482354	OXFORD_NANOPORE	1	1
paer	SAMN15907153	SRR23471054	SRR12519106	OXFORD_NANOPORE	1	1
paer	SAMN36766215	SRR26465548	SRR26465508	OXFORD_NANOPORE	1	1
paer	SAMN32874244	SRR23191128	SRR23190723	OXFORD_NANOPORE	1	1
paer	SAMN32978019	SRR25213973	SRR23290096	OXFORD_NANOPORE	1	1
paer	SAMN28336044	SRR22318882	SRR22318881	OXFORD_NANOPORE	1	1
paer	SAMN41020281	SRR29090061	SRR28747405	OXFORD_NANOPORE	1	1
paer	SAMN32874250	SRR23191131	SRR23190726	OXFORD_NANOPORE	1	1
paer	SAMN32874243	SRR23191129	SRR23190724	OXFORD_NANOPORE	1	1
paer	SAMN37733290	SRR28788843	SRR28788844	OXFORD_NANOPORE	1	1
paer	SAMN36766214	SRR26465549	SRR26465509	OXFORD_NANOPORE	1	1
paer	SAMN37649568	SRR27135507	SRR26259790	OXFORD_NANOPORE	1	1
paer	SAMN14792039	SRR21547810	SRR11725235	OXFORD_NANOPORE	1	1
paer	SAMN32874240	SRR23191133	SRR23190728	OXFORD_NANOPORE	1	1
paer	SAMN36766213	SRR26465550	SRR26465510	OXFORD_NANOPORE	1	1
paer	SAMN36766211	SRR26465552	SRR26465512	OXFORD_NANOPORE	1	1
paer	SAMN25755503	SRR23471048	SRR17943996	OXFORD_NANOPORE	1	1
paer	SAMN26028538	SRR23471046	SRR18063000	OXFORD_NANOPORE	1	1
paer	SAMN32874242	SRR23191130	SRR23190725	OXFORD_NANOPORE	1	1
paer	SAMN25755502	SRR23471047	SRR17943997	OXFORD_NANOPORE	1	1
paer	SAMN16822477	SRR23471052	SRR13075497	OXFORD_NANOPORE	1	1
paer	SAMN36766208	SRR26465555	SRR26465515	OXFORD_NANOPORE	1	1
paer	SAMN32964166	SRR24130607	SRR24130612	OXFORD_NANOPORE	1	1
paer	SAMN37713002	SRR26378143	SRR26378144	OXFORD_NANOPORE	1	1
paer	SAMN36766212	SRR26465551	SRR26465511	OXFORD_NANOPORE	1	1
paer	SAMN37648162	SRR26255159	SRR26255158	OXFORD_NANOPORE	1	1
paer	SAMN32733991	SRR23387320	SRR23080379	OXFORD_NANOPORE	1	1
paer	SAMN36766210	SRR26465553	SRR26465513	OXFORD_NANOPORE	1	1
paer	SAMN36766209	SRR26465554	SRR26465514	OXFORD_NANOPORE	1	1
paer	SAMN21493842	SRR23471081	SRR15948226	OXFORD_NANOPORE	1	1
paer	SAMN22334977	SRR23471073	SRR16520611	OXFORD_NANOPORE	1	1
paer	SAMN22334930	SRR23471076	SRR16520663	OXFORD_NANOPORE	1	1
paer	SAMN20960115	SRR23471086	SRR15597965	OXFORD_NANOPORE	1	1
paer	SAMN20344478	SRR23471040	SRR15210532	OXFORD_NANOPORE	1	1
paer	SAMN20344479	SRR23471094	SRR15210531	OXFORD_NANOPORE	1	1
paer	SAMN20344477	SRR23471093	SRR15210533	OXFORD_NANOPORE	1	1
paer	SAMN20674995	SRR23471092	SRR15377044	OXFORD_NANOPORE	1	1
paer	SAMN21493821	SRR23471084	SRR15948240	OXFORD_NANOPORE	1	1
paer	SAMN15907155	SRR23471056	SRR12519104	OXFORD_NANOPORE	1	1
paer	SAMN20675023	SRR23471090	SRR15377014	OXFORD_NANOPORE	1	1
paer	SAMN20675025	SRR23471088	SRR15377011	OXFORD_NANOPORE	1	1
paer	SAMN24965767	SRR23471050	SRR17611319	OXFORD_NANOPORE	1	1
paer	SAMN19514382	SRR27608435	SRR27608436	OXFORD_NANOPORE	1	1
paer	SAMN16982406	SRR13997540	SRR13183139	OXFORD_NANOPORE	1	1
paer	SAMN28336042	SRR22318775	SRR22318774	OXFORD_NANOPORE	1	1
paer	SAMN28336043	SRR22318777	SRR22318776	OXFORD_NANOPORE	1	1
paer	SAMN22933764	SRR23471070	SRR16820285	OXFORD_NANOPORE	1	1
paer	SAMN36766206	SRR26465557	SRR26465517	OXFORD_NANOPORE	1	1
paer	SAMN37709348	SRR26305318	SRR26305317	OXFORD_NANOPORE	1	1
paer	SAMN14129756	SRR11105305	SRR11105306	OXFORD_NANOPORE	1	1
paer	SAMN37709345	SRR26305327	SRR26305325	OXFORD_NANOPORE	1	2
paer	SAMN13612476	SRR11268100	SRR11278886	OXFORD_NANOPORE	1	1
paer	SAMN37709347	SRR26305320	SRR26305319	OXFORD_NANOPORE	1	1
paer	SAMN20178252	SRR15143041	SRR15143042	OXFORD_NANOPORE	1	1
paer	SAMN26417650	SRR18212745	SRR18212746	OXFORD_NANOPORE	1	1
paer	SAMN20244498	SRR15157810	SRR15157811	OXFORD_NANOPORE	1	1
paer	SAMN40921363	SRR29090068	SRR28618258	OXFORD_NANOPORE	1	1
paer	SAMN40921362	SRR28926168	SRR28618259	OXFORD_NANOPORE	1	1
paer	SAMN12368444	SRR9841425	SRR9841424	OXFORD_NANOPORE	1	1
paer	SAMN36766207	SRR26465556	SRR26465516	OXFORD_NANOPORE	1	1
paer	SAMN33794324	SRR23886137	SRR23886140	OXFORD_NANOPORE	1	1
saur	SAMN36766261	SRR26465436	SRR26465394	OXFORD_NANOPORE	1	1
saur	SAMN11175635	SRR10882870	SRR8776846	OXFORD_NANOPORE	1	2
saur	SAMN11175632	SRR10882873	SRR8776849	OXFORD_NANOPORE	1	2
saur	SAMN36766258	SRR26465439	SRR26465397	OXFORD_NANOPORE	1	1
saur	SAMN11175598	SRR10882901	SRR8776810	OXFORD_NANOPORE	1	2
saur	SAMN15567930	SRR12344017	SRR12343938	OXFORD_NANOPORE	1	1
saur	SAMN15430096	SRR12142661	SRR12142664	OXFORD_NANOPORE	1	4
saur	SAMN15567937	SRR12344010	SRR12343927	OXFORD_NANOPORE	1	1
saur	SAMN19770946	SRR15533160	SRR15533158	OXFORD_NANOPORE	1	2
saur	SAMN11175617	SRR10882890	SRR8776834	OXFORD_NANOPORE	1	2
saur	SAMN15567918	SRR12343928	SRR12343929	OXFORD_NANOPORE	1	1
saur	SAMN15567955	SRR12343990	SRR12343907	OXFORD_NANOPORE	1	1
saur	SAMN36766263	SRR26465434	SRR26465490	OXFORD_NANOPORE	1	1
saur	SAMN11175640	SRR10882864	SRR8776858	OXFORD_NANOPORE	1	2
saur	SAMN14550073	SRR18544689	SRR18544690	OXFORD_NANOPORE	1	1
saur	SAMN36766264	SRR26465433	SRR26465489	OXFORD_NANOPORE	1	1
saur	SAMN37705137	SRR26302846	SRR26302844	OXFORD_NANOPORE	1	1
saur	SAMN37705136	SRR26302847	SRR26302845	OXFORD_NANOPORE	1	1
saur	SAMN35074233	SRR24546986	SRR24546987	OXFORD_NANOPORE	1	1
saur	SAMN15430097	SRR12142663	SRR12142665	OXFORD_NANOPORE	1	2
saur	SAMN11175642	SRR10882862	SRR8776860	OXFORD_NANOPORE	1	2
saur	SAMN16710840	SRR19433003	SRR19433004	OXFORD_NANOPORE	1	1
saur	SAMN11175595	SRR8776879	SRR8776804	OXFORD_NANOPORE	1	1
saur	SAMN11175589	SRR8776881	SRR8776798	OXFORD_NANOPORE	1	1
saur	SAMN11175594	SRR8776876	SRR8776803	OXFORD_NANOPORE	1	1
saur	SAMN15567984	SRR12343958	SRR12343875	OXFORD_NANOPORE	1	1
saur	SAMN32977647	SRR23290064	SRR23290091	OXFORD_NANOPORE	1	1
saur	SAMN15567993	SRR12343948	SRR12343865	OXFORD_NANOPORE	1	1
saur	SAMN11175596	SRR8776878	SRR8776805	OXFORD_NANOPORE	1	1
saur	SAMN11175645	SRR10882859	SRR8776863	OXFORD_NANOPORE	1	2
saur	SAMN11175593	SRR8776877	SRR8776802	OXFORD_NANOPORE	1	1
saur	SAMN11175641	SRR10882863	SRR8776859	OXFORD_NANOPORE	1	2
saur	SAMN36766262	SRR26465435	SRR26465393	OXFORD_NANOPORE	1	1
saur	SAMN11175592	SRR8776882	SRR8776801	OXFORD_NANOPORE	1	1
saur	SAMN11175606	SRR10882855	SRR8776814	OXFORD_NANOPORE	1	2
saur	SAMN11175623	SRR10882883	SRR8776843	OXFORD_NANOPORE	1	2
saur	SAMN35074235	SRR24546982	SRR24546983	OXFORD_NANOPORE	1	1
saur	SAMN36766259	SRR26465438	SRR26465396	OXFORD_NANOPORE	1	1
saur	SAMN14598160	SRR18547524	SRR18547525	OXFORD_NANOPORE	1	1
saur	SAMN11175605	SRR10882856	SRR8776809	OXFORD_NANOPORE	1	2
saur	SAMN36766256	SRR26465441	SRR26465399	OXFORD_NANOPORE	1	1
saur	SAMN11175609	SRR10882898	SRR8776826	OXFORD_NANOPORE	1	2
saur	SAMN15567971	SRR12343972	SRR12343889	OXFORD_NANOPORE	1	1
saur	SAMN32538168	SRR22963948	SRR22963947	OXFORD_NANOPORE	1	1
saur	SAMN15567919	SRR12344027	SRR12344018	OXFORD_NANOPORE	1	1
saur	SAMN16710839	SRR19433005	SRR19433006	OXFORD_NANOPORE	1	1
saur	SAMN15567952	SRR12343993	SRR12343910	OXFORD_NANOPORE	1	1
saur	SAMN11175588	SRR8776865	SRR8776797	OXFORD_NANOPORE	1	1
saur	SAMN15567977	SRR12343966	SRR12343883	OXFORD_NANOPORE	1	1
saur	SAMN35074232	SRR24546988	SRR24546989	OXFORD_NANOPORE	1	1
saur	SAMN11175587	SRR8776864	SRR8776796	OXFORD_NANOPORE	1	1
saur	SAMN15567956	SRR12343989	SRR12343906	OXFORD_NANOPORE	1	1
saur	SAMN15567960	SRR12343984	SRR12343901	OXFORD_NANOPORE	1	1
saur	SAMN11175601	SRR10882878	SRR8776813	OXFORD_NANOPORE	1	2
saur	SAMN11175591	SRR8776883	SRR8776800	OXFORD_NANOPORE	1	1
saur	SAMN11175600	SRR10882889	SRR8776812	OXFORD_NANOPORE	1	2
saur	SAMN11175615	SRR10882892	SRR8776832	OXFORD_NANOPORE	1	2
saur	SAMN25144899	SRR18802816	SRR18802815	OXFORD_NANOPORE	1	1
saur	SAMN11175630	SRR10882875	SRR8776851	OXFORD_NANOPORE	1	2
saur	SAMN15567988	SRR12343954	SRR12343871	OXFORD_NANOPORE	1	1
saur	SAMN11175602	SRR10882867	SRR8776806	OXFORD_NANOPORE	1	2
saur	SAMN15567968	SRR12343976	SRR12343893	OXFORD_NANOPORE	1	1
saur	SAMN11175644	SRR10882860	SRR8776862	OXFORD_NANOPORE	1	2
saur	SAMN11175590	SRR8776880	SRR8776799	OXFORD_NANOPORE	1	1
saur	SAMN11175621	SRR10882885	SRR8776837	OXFORD_NANOPORE	1	2
saur	SAMN14598174	SRR18547535	SRR18547536	OXFORD_NANOPORE	1	1
saur	SAMN36766257	SRR26465440	SRR26465398	OXFORD_NANOPORE	1	1
saur	SAMN15567999	SRR12343942	SRR12343859	OXFORD_NANOPORE	1	1
saur	SAMN15567974	SRR12343969	SRR12343886	OXFORD_NANOPORE	1	1
saur	SAMN11175613	SRR10882894	SRR8776830	OXFORD_NANOPORE	1	2
saur	SAMN15567909	SRR12343855	SRR12343939	OXFORD_NANOPORE	1	1
saur	SAMN14550524	SRR18546550	SRR18546551	OXFORD_NANOPORE	1	1
saur	SAMN15567957	SRR12343988	SRR12343905	OXFORD_NANOPORE	1	1
saur	SAMN16093280	SRR13123360	SRR13123359	OXFORD_NANOPORE	1	2
saur	SAMN15567913	SRR12343851	SRR12343891	OXFORD_NANOPORE	1	1
saur	SAMN15567987	SRR12343955	SRR12343872	OXFORD_NANOPORE	1	1
saur	SAMN11175626	SRR10882880	SRR8776844	OXFORD_NANOPORE	1	2
saur	SAMN15567994	SRR12343947	SRR12343864	OXFORD_NANOPORE	1	1
saur	SAMN14598229	SRR18547581	SRR18547582	OXFORD_NANOPORE	1	1
saur	SAMN15567946	SRR12344000	SRR12343917	OXFORD_NANOPORE	1	1
saur	SAMN11175608	SRR10882899	SRR8776827	OXFORD_NANOPORE	1	2
saur	SAMN15567958	SRR12343987	SRR12343904	OXFORD_NANOPORE	1	1
saur	SAMN32885235	SRR23291422	SRR23198383	OXFORD_NANOPORE	1	1
saur	SAMN15567985	SRR12343957	SRR12343874	OXFORD_NANOPORE	1	1
saur	SAMN11175611	SRR10882896	SRR8776828	OXFORD_NANOPORE	1	2
saur	SAMN14225426	SRR14933397	SRR14933398	OXFORD_NANOPORE	1	1
saur	SAMN15567941	SRR12344005	SRR12343922	OXFORD_NANOPORE	1	1
saur	SAMN11175620	SRR10882886	SRR8776836	OXFORD_NANOPORE	1	2
saur	SAMN15567966	SRR12343978	SRR12343895	OXFORD_NANOPORE	1	1
saur	SAMN11175627	SRR10882879	SRR8776845	OXFORD_NANOPORE	1	2
saur	SAMN11175619	SRR10882887	SRR8776839	OXFORD_NANOPORE	1	2
saur	SAMN15567920	SRR12344026	SRR12344007	OXFORD_NANOPORE	1	1
saur	SAMN32977650	SRR23290061	SRR23290088	OXFORD_NANOPORE	1	1
saur	SAMN14559931	SRR18547402	SRR18547403	OXFORD_NANOPORE	1	1
saur	SAMN15567959	SRR12343986	SRR12343903	OXFORD_NANOPORE	1	1
saur	SAMN11175599	SRR10882900	SRR8776811	OXFORD_NANOPORE	1	2
saur	SAMN14225473	SRR14933395	SRR14933396	OXFORD_NANOPORE	1	1
saur	SAMN17983074	SRR13745251	SRR13745245	OXFORD_NANOPORE	1	1
saur	SAMN15567945	SRR12344001	SRR12343918	OXFORD_NANOPORE	1	1
saur	SAMN11175614	SRR10882893	SRR8776833	OXFORD_NANOPORE	1	2
saur	SAMN25143835	SRR17682066	SRR17682067	OXFORD_NANOPORE	1	1
saur	SAMN27101937	SRR26205257	SRR26205258	OXFORD_NANOPORE	1	1
saur	SAMN09220587	SRR7179413	SRR7179412	OXFORD_NANOPORE	1	1
saur	SAMN35074234	SRR24546984	SRR24546985	OXFORD_NANOPORE	1	1
saur	SAMN11175616	SRR10882891	SRR8776835	OXFORD_NANOPORE	1	2
saur	SAMN11175638	SRR10882866	SRR8776856	OXFORD_NANOPORE	1	2
saur	SAMN17983076	SRR13745249	SRR13745243	OXFORD_NANOPORE	1	1
saur	SAMN11175604	SRR10882857	SRR8776808	OXFORD_NANOPORE	1	2
saur	SAMN11175603	SRR10882858	SRR8776807	OXFORD_NANOPORE	1	2
saur	SAMN11175624	SRR10882882	SRR8776840	OXFORD_NANOPORE	1	2
saur	SAMN11175618	SRR10882888	SRR8776838	OXFORD_NANOPORE	1	2
saur	SAMN15567915	SRR12343849	SRR12343869	OXFORD_NANOPORE	1	1
saur	SAMN15567940	SRR12344006	SRR12343923	OXFORD_NANOPORE	1	1
saur	SAMN15567942	SRR12344004	SRR12343921	OXFORD_NANOPORE	1	1
saur	SAMN11175639	SRR10882865	SRR8776857	OXFORD_NANOPORE	1	2
saur	SAMN15567936	SRR12344011	SRR12343932	OXFORD_NANOPORE	1	1
saur	SAMN15567908	SRR12343856	SRR12343930	OXFORD_NANOPORE	1	1
saur	SAMN11175629	SRR10882876	SRR8776852	OXFORD_NANOPORE	1	2
saur	SAMN15567989	SRR12343953	SRR12343870	OXFORD_NANOPORE	1	1
saur	SAMN15567910	SRR12343854	SRR12343924	OXFORD_NANOPORE	1	1
saur	SAMN15567992	SRR12343949	SRR12343866	OXFORD_NANOPORE	1	1
saur	SAMN15567932	SRR12344015	SRR12343936	OXFORD_NANOPORE	1	1
saur	SAMN11175634	SRR10882871	SRR8776847	OXFORD_NANOPORE	1	2
saur	SAMN15567911	SRR12343853	SRR12343913	OXFORD_NANOPORE	1	1
saur	SAMN36766260	SRR26465437	SRR26465395	OXFORD_NANOPORE	1	1
saur	SAMN11175612	SRR10882895	SRR8776831	OXFORD_NANOPORE	1	2
saur	SAMN15567914	SRR12343850	SRR12343880	OXFORD_NANOPORE	1	1
saur	SAMN15567962	SRR12343982	SRR12343899	OXFORD_NANOPORE	1	1
saur	SAMN15567951	SRR12343994	SRR12343911	OXFORD_NANOPORE	1	1
saur	SAMN15567935	SRR12344012	SRR12343933	OXFORD_NANOPORE	1	1
saur	SAMN15567923	SRR12344024	SRR12343985	OXFORD_NANOPORE	1	1
saur	SAMN15567947	SRR12343999	SRR12343916	OXFORD_NANOPORE	1	1
saur	SAMN15567982	SRR12343960	SRR12343877	OXFORD_NANOPORE	1	1
saur	SAMN15567928	SRR12344020	SRR12343941	OXFORD_NANOPORE	1	1
saur	SAMN15567943	SRR12344003	SRR12343920	OXFORD_NANOPORE	1	1
saur	SAMN15567929	SRR12344019	SRR12343940	OXFORD_NANOPORE	1	1
saur	SAMN15567939	SRR12344008	SRR12343925	OXFORD_NANOPORE	1	1
saur	SAMN15567938	SRR12344009	SRR12343926	OXFORD_NANOPORE	1	1
saur	SAMN11175631	SRR10882874	SRR8776850	OXFORD_NANOPORE	1	2
saur	SAMN11175637	SRR10882868	SRR8776854	OXFORD_NANOPORE	1	2
saur	SAMN15567907	SRR12343857	SRR12343931	OXFORD_NANOPORE	1	1
saur	SAMN13388595	SRR10539275	SRR10539274	OXFORD_NANOPORE	1	1
saur	SAMN11175622	SRR10882884	SRR8776842	OXFORD_NANOPORE	1	2
saur	SAMN15567953	SRR12343992	SRR12343909	OXFORD_NANOPORE	1	1
saur	SAMN15567965	SRR12343979	SRR12343896	OXFORD_NANOPORE	1	1
saur	SAMN03763989	SRR10346110	SRR9043687	OXFORD_NANOPORE	2	1
saur	SAMN15567931	SRR12344016	SRR12343937	OXFORD_NANOPORE	1	1
saur	SAMN15567981	SRR12343961	SRR12343878	OXFORD_NANOPORE	1	1
saur	SAMN15567916	SRR12343848	SRR12343858	OXFORD_NANOPORE	1	1
saur	SAMEA112648784	ERR12076611	ERR10898915	OXFORD_NANOPORE	1	1
saur	SAMN15567950	SRR12343995	SRR12343912	OXFORD_NANOPORE	1	1
saur	SAMN15567944	SRR12344002	SRR12343919	OXFORD_NANOPORE	1	1
saur	SAMN15567949	SRR12343997	SRR12343914	OXFORD_NANOPORE	1	1
saur	SAMN11175610	SRR10882897	SRR8776829	OXFORD_NANOPORE	1	2
saur	SAMN32977648	SRR23290063	SRR23290090	OXFORD_NANOPORE	1	1
saur	SAMN15567978	SRR12343965	SRR12343882	OXFORD_NANOPORE	1	1
saur	SAMN17983075	SRR13745250	SRR13745244	OXFORD_NANOPORE	1	1
saur	SAMN15567970	SRR12343973	SRR12343890	OXFORD_NANOPORE	1	1
saur	SAMN15567998	SRR12343943	SRR12343860	OXFORD_NANOPORE	1	1
saur	SAMN11175636	SRR10882869	SRR8776855	OXFORD_NANOPORE	1	2
saur	SAMN11175607	SRR10882854	SRR8776815	OXFORD_NANOPORE	1	2
saur	SAMN15567983	SRR12343959	SRR12343876	OXFORD_NANOPORE	1	1
saur	SAMN25144898	SRR18802818	SRR18802817	OXFORD_NANOPORE	1	1
saur	SAMN11175643	SRR10882861	SRR8776861	OXFORD_NANOPORE	1	2
saur	SAMN15567927	SRR12344021	SRR12343952	OXFORD_NANOPORE	1	1
saur	SAMN11175628	SRR10882877	SRR8776853	OXFORD_NANOPORE	1	2
saur	SAMN11175625	SRR10882881	SRR8776841	OXFORD_NANOPORE	1	2
saur	SAMN17983077	SRR13745248	SRR13745242	OXFORD_NANOPORE	1	1
saur	SAMN15239172	SRR13292383	SRR13292384	OXFORD_NANOPORE	1	1
abau	SAMN23416908	SRR17023783	SRR17023784	OXFORD_NANOPORE	1	1
abau	SAMN19762528	SRR14852507	SRR14852502	OXFORD_NANOPORE	1	1
abau	SAMN13874777	SRR12805409	SRR15182702	OXFORD_NANOPORE	1	1
abau	SAMN36514289	SRR27135510	SRR25319655	OXFORD_NANOPORE	1	1
abau	SAMN23416895	SRR17023754	SRR17023755	OXFORD_NANOPORE	1	1
abau	SAMN41107056	SRR28824821	SRR28824822	OXFORD_NANOPORE	1	1
abau	SAMN36766190	SRR26465472	SRR26465496	OXFORD_NANOPORE	1	1
abau	SAMN36766187	SRR26465475	SRR26465570	OXFORD_NANOPORE	1	1
abau	SAMN41384382	SRR29012380	SRR29012381	OXFORD_NANOPORE	1	1
abau	SAMN19774653	SRR14862582	SRR14862612	OXFORD_NANOPORE	1	1
abau	SAMN30898357	SRR21607575	SRR21607497	OXFORD_NANOPORE	1	1
abau	SAMN30898321	SRR21607614	SRR21607536	OXFORD_NANOPORE	1	1
abau	SAMN30898316	SRR21607571	SRR21607493	OXFORD_NANOPORE	1	1
abau	SAMN40254326	SRR28926166	SRR28217779	OXFORD_NANOPORE	1	2
abau	SAMN28871714	SRR20613519	SRR20613520	OXFORD_NANOPORE	1	1
abau	SAMN41094848	SRR29090063	SRR28815869	OXFORD_NANOPORE	1	1
abau	SAMN28788543	SRR22756116	SRR19462105	OXFORD_NANOPORE	1	1
abau	SAMN38788845	SRR27710531	SRR27185910	OXFORD_NANOPORE	1	1
abau	SAMN36766191	SRR26465471	SRR26465423	OXFORD_NANOPORE	1	1
abau	SAMN27010238	SRR18500025	SRR18499969	OXFORD_NANOPORE	1	1
abau	SAMN19955388	SRR14998417	SRR14998418	OXFORD_NANOPORE	1	1
abau	SAMN28788563	SRR22756113	SRR19462083	OXFORD_NANOPORE	1	1
abau	SAMN27010219	SRR18500031	SRR18499989	OXFORD_NANOPORE	1	1
abau	SAMN27010256	SRR18500023	SRR18499938	OXFORD_NANOPORE	1	1
abau	SAMN25755500	SRR22756111	SRR17943999	OXFORD_NANOPORE	1	1
abau	SAMN36766188	SRR26465474	SRR26465518	OXFORD_NANOPORE	1	1
abau	SAMN13874778	SRR15182794	SRR15182795	OXFORD_NANOPORE	1	1
abau	SAMN14226727	SRR16953731	SRR16925480	OXFORD_NANOPORE	1	1
abau	SAMN34191879	SRR25213974	SRR24175237	OXFORD_NANOPORE	1	1
abau	SAMN08687991	SRR12937579	SRR6826835	OXFORD_NANOPORE	1	1
abau	SAMN17898088	SRR13700036	SRR13700037	OXFORD_NANOPORE	1	1
abau	SAMN38646042	SRR27710535	SRR27050468	OXFORD_NANOPORE	1	1
abau	SAMN21240079	SRR15725577	SRR15725578	OXFORD_NANOPORE	1	1
abau	SAMN32734006	SRR23387319	SRR23080363	OXFORD_NANOPORE	1	1
abau	SAMN39998251	SRR28375026	SRR28015256	OXFORD_NANOPORE	1	1
abau	SAMN27010291	SRR18500009	SRR18500034	OXFORD_NANOPORE	1	1
abau	SAMN17898087	SRR13700038	SRR13700039	OXFORD_NANOPORE	1	1
abau	SAMN19774628	SRR14862585	SRR14862505	OXFORD_NANOPORE	1	1
abau	SAMN27010277	SRR18500014	SRR18499915	OXFORD_NANOPORE	1	1
abau	SAMN27010270	SRR18500018	SRR18499922	OXFORD_NANOPORE	1	1
abau	SAMN27010253	SRR18500024	SRR18499941	OXFORD_NANOPORE	1	1
abau	SAMN27010231	SRR18500027	SRR18499976	OXFORD_NANOPORE	1	1
abau	SAMN27010226	SRR18500028	SRR18499982	OXFORD_NANOPORE	1	1
abau	SAMN07445112	SRR5891496	SRR5891495	OXFORD_NANOPORE	1	1
abau	SAMN40443483	SRR28926173	SRR28335983	OXFORD_NANOPORE	1	1
abau	SAMN19762632	SRR14852539	SRR14852385	OXFORD_NANOPORE	1	1
abau	SAMN40254323	SRR28375016	SRR28217782	OXFORD_NANOPORE	1	1
abau	SAMN31494247	SRR22070826	SRR22070827	OXFORD_NANOPORE	1	1
abau	SAMN27010278	SRR18500013	SRR18499914	OXFORD_NANOPORE	1	1
abau	SAMN41020287	SRR29099106	SRR28747399	OXFORD_NANOPORE	1	1
abau	SAMN19762585	SRR14852546	SRR14852437	OXFORD_NANOPORE	1	1
abau	SAMN19762636	SRR14852537	SRR14852381	OXFORD_NANOPORE	1	1
abau	SAMN19774606	SRR14862589	SRR14862530	OXFORD_NANOPORE	1	1
abau	SAMN27010289	SRR18500010	SRR18500036	OXFORD_NANOPORE	1	1
abau	SAMN25755497	SRR22756112	SRR17944003	OXFORD_NANOPORE	1	1
abau	SAMN30898327	SRR21607608	SRR21607530	OXFORD_NANOPORE	1	1
abau	SAMN12287002	SRR11096311	SRR11096093	OXFORD_NANOPORE	1	1
abau	SAMN15646564	SRR12328711	SRR15912612	OXFORD_NANOPORE	2	1
abau	SAMN41384381	SRR29012376	SRR29012377	OXFORD_NANOPORE	1	1
abau	SAMN30898326	SRR21607609	SRR21607531	OXFORD_NANOPORE	1	1
abau	SAMN30898315	SRR21607582	SRR21607504	OXFORD_NANOPORE	1	1
abau	SAMN18202092	SRR14534401	SRR14534402	OXFORD_NANOPORE	1	1
abau	SAMN30898329	SRR21607606	SRR21607528	OXFORD_NANOPORE	1	1
abau	SAMN30898328	SRR21607607	SRR21607529	OXFORD_NANOPORE	1	1
abau	SAMN30898330	SRR21607605	SRR21607527	OXFORD_NANOPORE	1	1
abau	SAMN27010258	SRR18500021	SRR18499936	OXFORD_NANOPORE	1	1
abau	SAMN30898313	SRR21607604	SRR21607526	OXFORD_NANOPORE	1	1
abau	SAMN30898312	SRR21607615	SRR21607537	OXFORD_NANOPORE	1	1
abau	SAMN30898314	SRR21607593	SRR21607515	OXFORD_NANOPORE	1	1
abau	SAMN30898324	SRR21607611	SRR21607533	OXFORD_NANOPORE	1	1
abau	SAMN27010192	SRR18500033	SRR18499990	OXFORD_NANOPORE	1	1
abau	SAMN30655645	SRR22756124	SRR21410233	OXFORD_NANOPORE	1	1
abau	SAMN28788566	SRR22756123	SRR19462080	OXFORD_NANOPORE	1	1
abau	SAMN30898323	SRR21607612	SRR21607534	OXFORD_NANOPORE	1	1
abau	SAMN30898311	SRR21607616	SRR21607538	OXFORD_NANOPORE	1	1
abau	SAMN11997570	SRR22838495	SRR22801282	OXFORD_NANOPORE	4	1
abau	SAMN11997571	SRR22838494	SRR22801280	OXFORD_NANOPORE	4	1
abau	SAMN12287008	SRR11096308	SRR11096072	OXFORD_NANOPORE	1	1
abau	SAMN32770956	SRR23101365	SRR23101366	OXFORD_NANOPORE	1	1
abau	SAMN27010271	SRR18500017	SRR18499921	OXFORD_NANOPORE	1	1
abau	SAMN27010284	SRR18500011	SRR18499946	OXFORD_NANOPORE	1	1
abau	SAMN12287006	SRR11096309	SRR11096073	OXFORD_NANOPORE	1	1
abau	SAMN27591179	SRR22756118	SRR18765351	OXFORD_NANOPORE	1	1
abau	SAMN11997569	SRR22838496	SRR22801284	OXFORD_NANOPORE	4	1
abau	SAMN40921370	SRR29099096	SRR28618264	OXFORD_NANOPORE	1	1
abau	SAMN14149265	SRR15275368	SRR15275369	OXFORD_NANOPORE	1	1
abau	SAMN41020280	SRR29099094	SRR28747406	OXFORD_NANOPORE	1	1
abau	SAMN40921371	SRR29099095	SRR28618263	OXFORD_NANOPORE	1	1
abau	SAMN27182072	SRR22756114	SRR18568247	OXFORD_NANOPORE	1	1
abau	SAMN05238571	SRR10173078	SRR3666896	OXFORD_NANOPORE	1	1
abau	SAMN05238628	SRR10173076	SRR3666894	OXFORD_NANOPORE	1	1
abau	SAMN38646043	SRR27710534	SRR27050466	OXFORD_NANOPORE	1	1
abau	SAMN36514286	SRR26643493	SRR25319658	OXFORD_NANOPORE	1	2
abau	SAMN33288250	SRR25480264	SRR23456118	OXFORD_NANOPORE	1	1
abau	SAMN36766192	SRR26465470	SRR26465412	OXFORD_NANOPORE	1	1
abau	SAMN27739163	SRR22756117	SRR18889376	OXFORD_NANOPORE	1	1
abau	SAMN27182098	SRR22756119	SRR18568259	OXFORD_NANOPORE	1	1
abau	SAMN29151496	SRR22756115	SRR19691745	OXFORD_NANOPORE	1	1
abau	SAMN05238672	SRR10173103	SRR3666207	OXFORD_NANOPORE	1	1
abau	SAMN36766189	SRR26465473	SRR26465507	OXFORD_NANOPORE	1	1
abau	SAMN19762827	SRR14852514	SRR14852169	OXFORD_NANOPORE	1	1
abau	SAMN12286998	SRR11096313	SRR11096105	OXFORD_NANOPORE	1	1
abau	SAMN30898331	SRR21607603	SRR21607525	OXFORD_NANOPORE	1	1
abau	SAMN40557123	SRR28926170	SRR28992022	OXFORD_NANOPORE	2	1
abau	SAMN41094846	SRR29099101	SRR28815871	OXFORD_NANOPORE	1	1
abau	SAMN13884837	SRR14868891	SRR14868892	OXFORD_NANOPORE	1	1
abau	SAMN19774588	SRR14862591	SRR14862549	OXFORD_NANOPORE	1	1
abau	SAMN32733979	SRR23387324	SRR23080392	OXFORD_NANOPORE	1	1
abau	SAMN41094845	SRR29099102	SRR28815872	OXFORD_NANOPORE	1	1
abau	SAMN41094844	SRR29099103	SRR28815873	OXFORD_NANOPORE	1	1
abau	SAMN25159974	SRR17696112	SRR17696113	OXFORD_NANOPORE	1	1
abau	SAMN36766186	SRR26465476	SRR26465571	OXFORD_NANOPORE	1	1
abau	SAMN18498587	SRR18038245	SRR18038246	OXFORD_NANOPORE	1	1
abau	SAMN05238697	SRR10173077	SRR3666904	OXFORD_NANOPORE	1	4
abau	SAMN30898325	SRR21607610	SRR21607532	OXFORD_NANOPORE	1	1
abau	SAMN30898332	SRR21607602	SRR21607524	OXFORD_NANOPORE	1	1
abau	SAMN30898322	SRR21607613	SRR21607535	OXFORD_NANOPORE	1	1
abau	SAMN32734002	SRR23387316	SRR23080367	OXFORD_NANOPORE	1	1
abau	SAMN27010269	SRR18500019	SRR18499923	OXFORD_NANOPORE	1	1
abau	SAMN12603273	SRR10013747	SRR10013876	OXFORD_NANOPORE	1	1
abau	SAMN15646563	SRR12328712	SRR15912139	OXFORD_NANOPORE	2	1
abau	SAMN15646562	SRR12328713	SRR15912210	OXFORD_NANOPORE	2	1
abau	SAMN33787963	SRR23998932	SRR23998933	OXFORD_NANOPORE	1	1
abau	SAMN32733960	SRR23387317	SRR23080394	OXFORD_NANOPORE	1	1
abau	SAMN12158047	SRR9650573	SRR9650572	OXFORD_NANOPORE	1	1
abau	SAMN15646561	SRR12328714	SRR15911746	OXFORD_NANOPORE	2	1
abau	SAMN14149266	SRR15275366	SRR15275367	OXFORD_NANOPORE	1	1
abau	SAMN18498586	SRR14868889	SRR14868890	OXFORD_NANOPORE	1	1
abau	SAMN12287004	SRR11096310	SRR11096082	OXFORD_NANOPORE	1	1
abau	SAMN14779651	SRR11671347	SRR11671348	OXFORD_NANOPORE	1	1
abau	SAMN09302593	SRR8993900	SRR9010623	OXFORD_NANOPORE	1	1
abau	SAMN32805326	SRR23239696	SRR23239695	OXFORD_NANOPORE	1	1
efae	SAMN17038103	SRR13258493	SRR13308466	OXFORD_NANOPORE	1	1
efae	SAMN36766198	SRR26465566	SRR26465547	OXFORD_NANOPORE	1	1
efae	SAMN36766203	SRR26465561	SRR26465431	OXFORD_NANOPORE	1	1
efae	SAMN17038075	SRR13256616	SRR13300592	OXFORD_NANOPORE	1	1
efae	SAMN17038077	SRR13256614	SRR13300595	OXFORD_NANOPORE	1	1
efae	SAMN10863492	SRR8523157	SRR8523158	OXFORD_NANOPORE	1	1
efae	SAMN17038078	SRR13256611	SRR13300596	OXFORD_NANOPORE	1	1
efae	SAMN17038083	SRR13258506	SRR13300601	OXFORD_NANOPORE	1	1
efae	SAMN17038086	SRR13258484	SRR13284699	OXFORD_NANOPORE	1	1
efae	SAMN12818041	SRR10948588	SRR11050711	OXFORD_NANOPORE	1	1
efae	SAMN17038085	SRR13258494	SRR13284700	OXFORD_NANOPORE	1	1
efae	SAMN17038106	SRR13258490	SRR13308451	OXFORD_NANOPORE	1	1
efae	SAMN17038080	SRR13256624	SRR13300598	OXFORD_NANOPORE	1	1
efae	SAMN12818007	SRR10948589	SRR11050702	OXFORD_NANOPORE	1	1
efae	SAMN36766196	SRR26465568	SRR26465569	OXFORD_NANOPORE	1	1
efae	SAMN17038089	SRR13258481	SRR13284696	OXFORD_NANOPORE	1	1
efae	SAMN17038079	SRR13256610	SRR13300597	OXFORD_NANOPORE	1	1
efae	SAMN17038094	SRR13258503	SRR13284691	OXFORD_NANOPORE	1	1
efae	SAMN17038081	SRR13256623	SRR13300599	OXFORD_NANOPORE	1	1
efae	SAMN17038104	SRR13258492	SRR13308465	OXFORD_NANOPORE	1	1
efae	SAMN17012772	SRR13218603	SRR13267350	OXFORD_NANOPORE	1	1
efae	SAMN36766204	SRR26465560	SRR26465520	OXFORD_NANOPORE	1	1
efae	SAMN17038101	SRR13258496	SRR13308468	OXFORD_NANOPORE	1	1
efae	SAMN36766199	SRR26465565	SRR26465536	OXFORD_NANOPORE	1	1
efae	SAMN17038084	SRR13258505	SRR13300593	OXFORD_NANOPORE	1	1
efae	SAMN17038066	SRR13243581	SRR13273156	OXFORD_NANOPORE	1	1
efae	SAMN17038111	SRR13258485	SRR13308446	OXFORD_NANOPORE	1	1
efae	SAMN17038071	SRR13256620	SRR13273159	OXFORD_NANOPORE	1	1
efae	SAMN36766205	SRR26465559	SRR26465519	OXFORD_NANOPORE	1	1
efae	SAMN36766197	SRR26465567	SRR26465558	OXFORD_NANOPORE	1	1
efae	SAMN36766202	SRR26465562	SRR26465442	OXFORD_NANOPORE	1	1
efae	SAMN19573784	SRR14836313	SRR14836309	OXFORD_NANOPORE	1	1
efae	SAMN19573782	SRR14836305	SRR14836311	OXFORD_NANOPORE	1	1
efae	SAMN19573783	SRR14836314	SRR14836310	OXFORD_NANOPORE	1	1
efae	SAMN17038088	SRR13258482	SRR13284697	OXFORD_NANOPORE	1	1
efae	SAMN17038102	SRR13258495	SRR13308467	OXFORD_NANOPORE	1	1
efae	SAMN23828484	SRR17230445	SRR17230446	OXFORD_NANOPORE	1	1
efae	SAMN17038100	SRR13258497	SRR13308469	OXFORD_NANOPORE	1	1
efae	SAMN17038098	SRR13258499	SRR13308461	OXFORD_NANOPORE	1	1
efae	SAMN10863491	SRR8523155	SRR8523156	OXFORD_NANOPORE	1	1
efae	SAMN10863479	SRR8523153	SRR8523154	OXFORD_NANOPORE	1	1
efae	SAMN36766201	SRR26465563	SRR26465453	OXFORD_NANOPORE	1	1
efae	SAMN17038107	SRR13258489	SRR13308450	OXFORD_NANOPORE	1	1
efae	SAMD00202474	DRR205462	DRR205461	OXFORD_NANOPORE	1	1
efae	SAMN36766200	SRR26465564	SRR26465464	OXFORD_NANOPORE	1	1
efae	SAMN17038105	SRR13258491	SRR13308452	OXFORD_NANOPORE	1	1
efae	SAMN23424740	SRR17662740	SRR17662729	OXFORD_NANOPORE	1	1
efae	SAMN17038069	SRR13256612	SRR13273161	OXFORD_NANOPORE	1	1
efae	SAMN28025462	SRR19612272	SRR19612302	OXFORD_NANOPORE	1	1
efae	SAMN14969421	SRR12136497	SRR12136498	OXFORD_NANOPORE	1	1
efae	SAMN28025461	SRR19612273	SRR19612303	OXFORD_NANOPORE	1	1
efae	SAMN23424739	SRR17662741	SRR17662730	OXFORD_NANOPORE	1	1
efae	SAMN23424486	SRR17030008	SRR17030001	OXFORD_NANOPORE	1	1
efae	SAMN38673174	SRR27089216	SRR27089205	OXFORD_NANOPORE	1	1
efae	SAMN18631322	SRR14507748	SRR14507753	OXFORD_NANOPORE	1	1
efae	SAMN28025465	SRR19612274	SRR19612304	OXFORD_NANOPORE	1	1
efae	SAMN18631320	SRR14507750	SRR14507755	OXFORD_NANOPORE	1	1
efae	SAMN18631313	SRR14507743	SRR14507741	OXFORD_NANOPORE	1	1
efae	SAMN28025445	SRR19612271	SRR19612300	OXFORD_NANOPORE	1	1
efae	SAMN23424742	SRR17662738	SRR17662727	OXFORD_NANOPORE	1	1
efae	SAMD00577372	DRR510790	DRR510783	OXFORD_NANOPORE	1	1
efae	SAMN23424489	SRR17030006	SRR17029998	OXFORD_NANOPORE	1	1
efae	SAMN23424741	SRR17662739	SRR17662728	OXFORD_NANOPORE	1	1
efae	SAMN23424743	SRR17662737	SRR17662752	OXFORD_NANOPORE	1	1
efae	SAMN23424744	SRR17662736	SRR17662751	OXFORD_NANOPORE	1	1
efae	SAMN18631321	SRR14507749	SRR14507754	OXFORD_NANOPORE	1	1
efae	SAMN17922924	SRR14481803	SRR13719224	OXFORD_NANOPORE	1	1
efae	SAMN17922919	SRR14481805	SRR13719229	OXFORD_NANOPORE	1	1
efae	SAMN17922923	SRR14481804	SRR13719225	OXFORD_NANOPORE	1	1
ecol	SAMN24907328	SRR19908744	SRR19908745	OXFORD_NANOPORE	1	1
ecol	SAMN15907166	SRR21465925	SRR12519092	OXFORD_NANOPORE	1	1
ecol	SAMN15488730	SRR12247589	SRR12183945	OXFORD_NANOPORE	1	1
ecol	SAMD00523013	DRR401498	DRR401577	OXFORD_NANOPORE	1	1
ecol	SAMN24907329	SRR18777557	SRR18777558	OXFORD_NANOPORE	1	1
ecol	SAMN15488577	SRR12247507	SRR12183863	OXFORD_NANOPORE	1	1
ecol	SAMN15488693	SRR12247630	SRR12183986	OXFORD_NANOPORE	1	1
ecol	SAMD00523011	DRR401497	DRR401575	OXFORD_NANOPORE	1	1
ecol	SAMD00522975	DRR401493	DRR401539	OXFORD_NANOPORE	1	1
ecol	SAMD00523010	DRR401496	DRR401574	OXFORD_NANOPORE	1	1
ecol	SAMN15488650	SRR12247678	SRR12184034	OXFORD_NANOPORE	1	1
ecol	SAMN15488620	SRR12247711	SRR12184069	OXFORD_NANOPORE	1	1
ecol	SAMN15488629	SRR12247702	SRR12184060	OXFORD_NANOPORE	1	1
ecol	SAMD00523003	DRR401494	DRR401567	OXFORD_NANOPORE	1	1
ecol	SAMN15488713	SRR12247608	SRR12183964	OXFORD_NANOPORE	1	1
ecol	SAMN15488582	SRR12247753	SRR12183857	OXFORD_NANOPORE	1	1
ecol	SAMN15488581	SRR12247754	SRR12183858	OXFORD_NANOPORE	1	1
ecol	SAMN22066472	SRR23291423	SRR16212265	OXFORD_NANOPORE	1	1
ecol	SAMN31759538	SRR22580997	SRR22314985	OXFORD_NANOPORE	1	1
ecol	SAMN34403761	SRR26412750	SRR24324078	OXFORD_NANOPORE	1	1
ecol	SAMN15488535	SRR12247553	SRR12183909	OXFORD_NANOPORE	1	1
ecol	SAMN15488534	SRR12247554	SRR12183910	OXFORD_NANOPORE	1	1
ecol	SAMN15488533	SRR12247555	SRR12183911	OXFORD_NANOPORE	1	1
ecol	SAMN15488702	SRR12247620	SRR12183976	OXFORD_NANOPORE	1	1
ecol	SAMN15488644	SRR12247685	SRR12184041	OXFORD_NANOPORE	1	1
ecol	SAMN15488727	SRR12247593	SRR12183949	OXFORD_NANOPORE	1	1
ecol	SAMN15488709	SRR12247613	SRR12183969	OXFORD_NANOPORE	1	1
ecol	SAMN15488703	SRR12247619	SRR12183975	OXFORD_NANOPORE	1	1
ecol	SAMN15488558	SRR12247528	SRR12183884	OXFORD_NANOPORE	1	1
ecol	SAMN15488567	SRR12247518	SRR12183874	OXFORD_NANOPORE	1	1
ecol	SAMN31390129	SRR22581007	SRR21986335	OXFORD_NANOPORE	1	1
ecol	SAMN31390130	SRR22581006	SRR21986334	OXFORD_NANOPORE	1	1
ecol	SAMN15488647	SRR12247682	SRR12184038	OXFORD_NANOPORE	1	1
ecol	SAMN15488645	SRR12247684	SRR12184040	OXFORD_NANOPORE	1	1
ecol	SAMN15488637	SRR12247693	SRR12184051	OXFORD_NANOPORE	1	1
ecol	SAMN15488636	SRR12247694	SRR12184052	OXFORD_NANOPORE	1	1
ecol	SAMN15488651	SRR12247677	SRR12184033	OXFORD_NANOPORE	1	1
ecol	SAMN15488653	SRR12247675	SRR12184031	OXFORD_NANOPORE	1	1
ecol	SAMN15488652	SRR12247676	SRR12184032	OXFORD_NANOPORE	1	1
ecol	SAMN15488638	SRR12247692	SRR12184048	OXFORD_NANOPORE	1	1
ecol	SAMN15488654	SRR12247674	SRR12184030	OXFORD_NANOPORE	1	1
ecol	SAMN15488576	SRR12247508	SRR12183864	OXFORD_NANOPORE	1	1
ecol	SAMN15488573	SRR12247511	SRR12183867	OXFORD_NANOPORE	1	1
ecol	SAMN15488519	SRR12247571	SRR12183927	OXFORD_NANOPORE	1	1
ecol	SAMN15488609	SRR12247724	SRR12184082	OXFORD_NANOPORE	1	1
ecol	SAMN15488568	SRR12247517	SRR12183873	OXFORD_NANOPORE	1	1
ecol	SAMN14482837	SRR11460449	SRR11460451	OXFORD_NANOPORE	1	1
ecol	SAMN14482836	SRR11460450	SRR11460452	OXFORD_NANOPORE	1	1
ecol	SAMN15488563	SRR12247522	SRR12183878	OXFORD_NANOPORE	1	1
ecol	SAMN15488562	SRR12247523	SRR12183879	OXFORD_NANOPORE	1	1
ecol	SAMN15488483	SRR12247581	SRR12183937	OXFORD_NANOPORE	1	1
ecol	SAMN15488641	SRR12247688	SRR12184044	OXFORD_NANOPORE	1	1
ecol	SAMN15488506	SRR12247585	SRR12183941	OXFORD_NANOPORE	1	1
ecol	SAMN15488520	SRR12247569	SRR12183925	OXFORD_NANOPORE	1	1
ecol	SAMN15488537	SRR12247551	SRR12183907	OXFORD_NANOPORE	1	1
ecol	SAMN15488538	SRR12247550	SRR12183906	OXFORD_NANOPORE	1	1
ecol	SAMN15488539	SRR12247549	SRR12183905	OXFORD_NANOPORE	1	1
ecol	SAMN15488485	SRR12247559	SRR12183915	OXFORD_NANOPORE	1	1
ecol	SAMN15488607	SRR12247726	SRR12183830	OXFORD_NANOPORE	1	1
ecol	SAMN15488515	SRR12247575	SRR12183931	OXFORD_NANOPORE	1	1
ecol	SAMN15488720	SRR12247600	SRR12183956	OXFORD_NANOPORE	1	1
ecol	SAMN15488516	SRR12247574	SRR12183930	OXFORD_NANOPORE	1	1
ecol	SAMN15488514	SRR12247576	SRR12183932	OXFORD_NANOPORE	1	1
ecol	SAMN15488728	SRR12247592	SRR12183948	OXFORD_NANOPORE	1	1
ecol	SAMN15488560	SRR12247525	SRR12183881	OXFORD_NANOPORE	1	1
ecol	SAMN31390136	SRR22580998	SRR21986341	OXFORD_NANOPORE	1	1
ecol	SAMN15488508	SRR12247583	SRR12183939	OXFORD_NANOPORE	1	1
ecol	SAMN15488564	SRR12247521	SRR12183877	OXFORD_NANOPORE	1	1
ecol	SAMN15488614	SRR12247718	SRR12184076	OXFORD_NANOPORE	1	1
ecol	SAMN15488663	SRR12247664	SRR12184020	OXFORD_NANOPORE	1	1
ecol	SAMN15488665	SRR12247662	SRR12184018	OXFORD_NANOPORE	1	1
ecol	SAMN15488701	SRR12247621	SRR12183977	OXFORD_NANOPORE	1	1
ecol	SAMN15488685	SRR12247639	SRR12183995	OXFORD_NANOPORE	1	1
ecol	SAMN15488507	SRR12247584	SRR12183940	OXFORD_NANOPORE	1	1
ecol	SAMN15488674	SRR12247652	SRR12184008	OXFORD_NANOPORE	1	1
ecol	SAMN15488633	SRR12247697	SRR12184055	OXFORD_NANOPORE	1	1
ecol	SAMN15488588	SRR12247747	SRR12183851	OXFORD_NANOPORE	1	1
ecol	SAMN15488589	SRR12247746	SRR12183850	OXFORD_NANOPORE	1	1
ecol	SAMN15488655	SRR12247673	SRR12184029	OXFORD_NANOPORE	1	1
ecol	SAMN15488509	SRR12247582	SRR12183938	OXFORD_NANOPORE	1	1
ecol	SAMN15488711	SRR12247610	SRR12183966	OXFORD_NANOPORE	1	1
ecol	SAMN15488586	SRR12247749	SRR12183853	OXFORD_NANOPORE	1	1
ecol	SAMN15488543	SRR12247544	SRR12183900	OXFORD_NANOPORE	1	1
ecol	SAMN15488717	SRR12247604	SRR12183960	OXFORD_NANOPORE	1	1
ecol	SAMN15488504	SRR12247601	SRR12183957	OXFORD_NANOPORE	1	1
ecol	SAMN15488578	SRR12247506	SRR12183862	OXFORD_NANOPORE	1	1
ecol	SAMN15488598	SRR12247736	SRR12183840	OXFORD_NANOPORE	1	1
ecol	SAMN15488700	SRR12247622	SRR12183978	OXFORD_NANOPORE	1	1
ecol	SAMN31592761	SRR22581002	SRR22179821	OXFORD_NANOPORE	1	1
ecol	SAMN15488552	SRR12247534	SRR12183890	OXFORD_NANOPORE	1	1
ecol	SAMN15488554	SRR12247532	SRR12183888	OXFORD_NANOPORE	1	1
ecol	SAMN15488499	SRR12247657	SRR12184013	OXFORD_NANOPORE	1	1
ecol	SAMN15488500	SRR12247645	SRR12184001	OXFORD_NANOPORE	1	1
ecol	SAMN15488690	SRR12247633	SRR12183989	OXFORD_NANOPORE	1	1
ecol	SAMN15488510	SRR12247580	SRR12183936	OXFORD_NANOPORE	1	1
ecol	SAMN15488664	SRR12247663	SRR12184019	OXFORD_NANOPORE	1	1
ecol	SAMN15488590	SRR12247744	SRR12183848	OXFORD_NANOPORE	1	1
ecol	SAMN15488559	SRR12247527	SRR12183883	OXFORD_NANOPORE	1	1
ecol	SAMN15488616	SRR12247716	SRR12184074	OXFORD_NANOPORE	1	1
ecol	SAMN15488630	SRR12247700	SRR12184058	OXFORD_NANOPORE	1	1
ecol	SAMN31261076	SRR22581008	SRR21882301	OXFORD_NANOPORE	1	1
ecol	SAMN15488617	SRR12247715	SRR12184073	OXFORD_NANOPORE	1	1
ecol	SAMN31390131	SRR22581005	SRR21986333	OXFORD_NANOPORE	1	1
ecol	SAMN15488606	SRR12247727	SRR12183831	OXFORD_NANOPORE	1	1
ecol	SAMN15488642	SRR12247687	SRR12184043	OXFORD_NANOPORE	1	1
ecol	SAMN15488694	SRR12247629	SRR12183985	OXFORD_NANOPORE	1	1
ecol	SAMN15488696	SRR12247627	SRR12183983	OXFORD_NANOPORE	1	1
ecol	SAMN15488707	SRR12247615	SRR12183971	OXFORD_NANOPORE	1	1
ecol	SAMN15488632	SRR12247698	SRR12184056	OXFORD_NANOPORE	1	1
ecol	SAMN15488712	SRR12247609	SRR12183965	OXFORD_NANOPORE	1	1
ecol	SAMN15488608	SRR12247725	SRR12183829	OXFORD_NANOPORE	1	1
ecol	SAMN15488599	SRR12247735	SRR12183839	OXFORD_NANOPORE	1	1
ecol	SAMN15488721	SRR12247599	SRR12183955	OXFORD_NANOPORE	1	1
ecol	SAMN15488676	SRR12247650	SRR12184006	OXFORD_NANOPORE	1	1
ecol	SAMN15488724	SRR12247596	SRR12183952	OXFORD_NANOPORE	1	1
ecol	SAMN15488603	SRR12247730	SRR12183834	OXFORD_NANOPORE	1	1
ecol	SAMN15488719	SRR12247602	SRR12183958	OXFORD_NANOPORE	1	1
ecol	SAMN15488714	SRR12247607	SRR12183963	OXFORD_NANOPORE	1	1
ecol	SAMN15488718	SRR12247603	SRR12183959	OXFORD_NANOPORE	1	1
ecol	SAMN15488613	SRR12247719	SRR12184077	OXFORD_NANOPORE	1	1
ecol	SAMN15488716	SRR12247605	SRR12183961	OXFORD_NANOPORE	1	1
ecol	SAMN15488541	SRR12247546	SRR12183902	OXFORD_NANOPORE	1	1
ecol	SAMN15488684	SRR12247640	SRR12183996	OXFORD_NANOPORE	1	1
ecol	SAMN15488692	SRR12247631	SRR12183987	OXFORD_NANOPORE	1	1
ecol	SAMN15488662	SRR12247665	SRR12184021	OXFORD_NANOPORE	1	1
ecol	SAMN15488687	SRR12247637	SRR12183993	OXFORD_NANOPORE	1	1
ecol	SAMN32801356	SRR26643504	SRR23130247	OXFORD_NANOPORE	1	1
ecol	SAMN15488601	SRR12247732	SRR12183836	OXFORD_NANOPORE	1	1
ecol	SAMN15488600	SRR12247733	SRR12183837	OXFORD_NANOPORE	1	1
ecol	SAMN15488496	SRR12247690	SRR12184046	OXFORD_NANOPORE	1	1
ecol	SAMN41494450	SRR29131296	SRR29131321	OXFORD_NANOPORE	1	2
ecol	SAMN15488584	SRR12247751	SRR12183855	OXFORD_NANOPORE	1	1
ecol	SAMN35349453	SRR24843436	SRR24843435	OXFORD_NANOPORE	1	1
ecol	SAMN36828864	SRR25689481	SRR25510054	OXFORD_NANOPORE	1	1
ecol	SAMN05215988	SRR11561175	SRR3657284	OXFORD_NANOPORE	1	1
kpne	SAMEA3357226	ERR10367368	ERR1008790	OXFORD_NANOPORE	1	1
kpne	SAMEA3357155	ERR10367356	ERR1008755	OXFORD_NANOPORE	1	1
kpne	SAMEA3357277	ERR10367375	ERR1008739	OXFORD_NANOPORE	1	1
kpne	SAMN06112224	SRR21864872	SRR5082469	OXFORD_NANOPORE	1	1
kpne	SAMN34174867	SRR26412752	SRR24163203	OXFORD_NANOPORE	1	1
kpne	SAMEA3357378	ERR10367383	ERR1023673	OXFORD_NANOPORE	1	1
kpne	SAMEA3357081	ERR10367349	ERR1008638	OXFORD_NANOPORE	1	1
kpne	SAMEA3357187	ERR10367361	ERR1008772	OXFORD_NANOPORE	1	1
kpne	SAMEA3357113	ERR10367352	ERR1023815	OXFORD_NANOPORE	1	1
kpne	SAMN33288246	SRR26643501	SRR23456126	OXFORD_NANOPORE	1	1
kpne	SAMEA3357345	ERR10367380	ERR1023648	OXFORD_NANOPORE	1	1
kpne	SAMEA3357346	ERR10367381	ERR1023649	OXFORD_NANOPORE	1	2
kpne	SAMEA3357107	ERR10367351	ERR1023812	OXFORD_NANOPORE	1	1
kpne	SAMEA3357157	ERR10367357	ERR1008756	OXFORD_NANOPORE	1	1
kpne	SAMEA3357262	ERR10367373	ERR1015290	OXFORD_NANOPORE	1	1
kpne	SAMEA3357140	ERR10367355	ERR1023838	OXFORD_NANOPORE	1	1
kpne	SAMEA3357174	ERR10367360	ERR1023860	OXFORD_NANOPORE	1	1
kpne	SAMEA3357421	ERR10367386	ERR1023693	OXFORD_NANOPORE	1	1
kpne	SAMN06112218	SRR21864874	SRR5082459	OXFORD_NANOPORE	1	1
kpne	SAMN37984267	SRR27348734	SRR26519291	OXFORD_NANOPORE	1	1
kpne	SAMN37984268	SRR27348733	SRR26519290	OXFORD_NANOPORE	1	1
kpne	SAMEA3357130	ERR10367354	ERR1023829	OXFORD_NANOPORE	1	1
kpne	SAMN17608176	SRR23291426	SRR13563379	OXFORD_NANOPORE	1	1
kpne	SAMEA3356970	ERR10367339	ERR1008661	OXFORD_NANOPORE	1	1
kpne	SAMN33193817	SRR26412753	SRR23652576	OXFORD_NANOPORE	1	1
kpne	SAMEA3357208	ERR10367364	ERR1008781	OXFORD_NANOPORE	1	1
kpne	SAMN06112222	SRR21864873	SRR5082454	OXFORD_NANOPORE	1	1
kpne	SAMEA3357161	ERR10367359	ERR1008758	OXFORD_NANOPORE	1	1
kpne	SAMEA3357237	ERR10367370	ERR1008793	OXFORD_NANOPORE	1	1
kpne	SAMEA3357126	ERR10367353	ERR1023825	OXFORD_NANOPORE	1	1
kpne	SAMEA3357260	ERR10367372	ERR1023722	OXFORD_NANOPORE	1	1
kpne	SAMEA3357219	ERR10367365	ERR1008712	OXFORD_NANOPORE	1	1
kpne	SAMEA3357158	ERR10367358	ERR1023852	OXFORD_NANOPORE	1	1
kpne	SAMEA3357086	ERR10367350	ERR1023804	OXFORD_NANOPORE	1	1
kpne	SAMEA3357003	ERR10367341	ERR1008678	OXFORD_NANOPORE	1	1
kpne	SAMN21919088	SRR23291425	SRR16133933	OXFORD_NANOPORE	1	1
kpne	SAMN21919093	SRR23291424	SRR16133928	OXFORD_NANOPORE	1	1
kpne	SAMEA3357075	ERR10367347	ERR1023799	OXFORD_NANOPORE	1	1
kpne	SAMEA3357269	ERR10367374	ERR1015293	OXFORD_NANOPORE	1	1
kpne	SAMEA3357256	ERR10367371	ERR1015288	OXFORD_NANOPORE	1	1
kpne	SAMEA3357233	ERR10367369	ERR1008791	OXFORD_NANOPORE	1	1
kpne	SAMN34174964	SRR26412749	SRR24163252	OXFORD_NANOPORE	1	1
kpne	SAMEA3356991	ERR10367340	ERR1023765	OXFORD_NANOPORE	1	1
kpne	SAMEA3357191	ERR10367362	ERR1008774	OXFORD_NANOPORE	1	1
paer	SAMN20674994	SRR23471091	SRR15377046	OXFORD_NANOPORE	1	1
paer	SAMN21924085	SRR26382870	SRR16132282	OXFORD_NANOPORE	1	2
paer	SAMN19677608	SRR26382868	SRR14792845	OXFORD_NANOPORE	1	2
paer	SAMN24144990	SRR25479596	SRR17250613	OXFORD_NANOPORE	1	2
paer	SAMN19952162	SRR26643497	SRR14996240	OXFORD_NANOPORE	1	2
paer	SAMN26564914	SRR26643508	SRR18292461	OXFORD_NANOPORE	1	1
paer	SAMN15907129	SRR26305336	SRR12519132	OXFORD_NANOPORE	1	2
paer	SAMN27182104	SRR26643498	SRR18568252	OXFORD_NANOPORE	1	1
paer	SAMN15907131	SRR26382869	SRR12519130	OXFORD_NANOPORE	1	2
paer	SAMN15907130	SRR26643496	SRR12519131	OXFORD_NANOPORE	1	1
paer	SAMN31152632	SRR24326781	SRR21802861	OXFORD_NANOPORE	1	1
paer	SAMN24144973	SRR24178932	SRR17250632	OXFORD_NANOPORE	1	1
paer	SAMN28788565	SRR24326780	SRR19462081	OXFORD_NANOPORE	1	1
paer	SAMN26420017	SRR26643509	SRR18214929	OXFORD_NANOPORE	1	1
paer	SAMN24145079	SRR25479595	SRR17250639	OXFORD_NANOPORE	1	2
paer	SAMN18313855	SRR25479590	SRR13965520	OXFORD_NANOPORE	1	1
paer	SAMN19313504	SRR14628202	SRR14628317	OXFORD_NANOPORE	1	1
paer	SAMN32978018	SRR26643505	SRR23290097	OXFORD_NANOPORE	1	1
paer	SAMN19313508	SRR14628372	SRR14628313	OXFORD_NANOPORE	1	1
paer	SAMN19317583	SRR25479589	SRR14634842	OXFORD_NANOPORE	1	1
paer	SAMN19952140	SRR26382867	SRR14996233	OXFORD_NANOPORE	1	1
paer	SAMN20960116	SRR26412747	SRR15597964	OXFORD_NANOPORE	1	2
paer	SAMN21924083	SRR25479597	SRR16132284	OXFORD_NANOPORE	1	2
paer	SAMN19952165	SRR26382866	SRR14996237	OXFORD_NANOPORE	1	2
paer	SAMN21493905	SRR26412754	SRR15948157	OXFORD_NANOPORE	1	2
paer	SAMN30655618	SRR24326782	SRR21410263	OXFORD_NANOPORE	1	1
paer	SAMN32801360	SRR26643507	SRR23130243	OXFORD_NANOPORE	1	1
paer	SAMN21493832	SRR26412746	SRR15948237	OXFORD_NANOPORE	1	2
paer	SAMN16822479	SRR25479587	SRR13075495	OXFORD_NANOPORE	1	1
paer	SAMN17039450	SRR26382871	SRR13228578	OXFORD_NANOPORE	1	2
paer	SAMN27182090	SRR26643499	SRR18568268	OXFORD_NANOPORE	1	1
paer	SAMN19313485	SRR14628222	SRR14628338	OXFORD_NANOPORE	1	1
paer	SAMN19313498	SRR14628208	SRR14628324	OXFORD_NANOPORE	1	1
paer	SAMN19313527	SRR14628351	SRR14628292	OXFORD_NANOPORE	1	1
paer	SAMN19313525	SRR14628353	SRR14628294	OXFORD_NANOPORE	1	1
paer	SAMN19313519	SRR14628360	SRR14628301	OXFORD_NANOPORE	1	1
paer	SAMN19313499	SRR14628207	SRR14628323	OXFORD_NANOPORE	1	1
paer	SAMN19313481	SRR14628227	SRR14628342	OXFORD_NANOPORE	1	1
paer	SAMN19313496	SRR14628210	SRR14628326	OXFORD_NANOPORE	1	1
paer	SAMN38646029	SRR28361136	SRR27050459	OXFORD_NANOPORE	1	1
paer	SAMN19313515	SRR14628364	SRR14628305	OXFORD_NANOPORE	1	1
paer	SAMN19313516	SRR14628363	SRR14628304	OXFORD_NANOPORE	1	1
paer	SAMN19313526	SRR14628352	SRR14628293	OXFORD_NANOPORE	1	1
paer	SAMN19313483	SRR14628225	SRR14628340	OXFORD_NANOPORE	1	1
paer	SAMN19313484	SRR14628224	SRR14628339	OXFORD_NANOPORE	1	1
paer	SAMN32978017	SRR26643506	SRR23290098	OXFORD_NANOPORE	1	1
paer	SAMN19313478	SRR14628230	SRR14628346	OXFORD_NANOPORE	1	1
paer	SAMN19313505	SRR14628375	SRR14628316	OXFORD_NANOPORE	1	1
paer	SAMN19313518	SRR14628361	SRR14628302	OXFORD_NANOPORE	1	1
paer	SAMN19313523	SRR14628356	SRR14628296	OXFORD_NANOPORE	1	1
paer	SAMN19313491	SRR14628216	SRR14628331	OXFORD_NANOPORE	1	1
paer	SAMN19313513	SRR14628367	SRR14628307	OXFORD_NANOPORE	1	1
paer	SAMN19313494	SRR14628213	SRR14628328	OXFORD_NANOPORE	1	1
paer	SAMN19313480	SRR14628228	SRR14628344	OXFORD_NANOPORE	1	1
paer	SAMN19313502	SRR14628204	SRR14628319	OXFORD_NANOPORE	1	1
paer	SAMN19313509	SRR14628371	SRR14628312	OXFORD_NANOPORE	1	1
paer	SAMN19313492	SRR14628215	SRR14628330	OXFORD_NANOPORE	1	1
paer	SAMN19313495	SRR14628211	SRR14628327	OXFORD_NANOPORE	1	1
paer	SAMN19313517	SRR14628362	SRR14628303	OXFORD_NANOPORE	1	1
paer	SAMN19313507	SRR14628373	SRR14628314	OXFORD_NANOPORE	1	1
paer	SAMN19313493	SRR14628214	SRR14628329	OXFORD_NANOPORE	1	1
paer	SAMN19313530	SRR14628262	SRR14628349	OXFORD_NANOPORE	1	1
paer	SAMN19313482	SRR14628226	SRR14628341	OXFORD_NANOPORE	1	1
paer	SAMN19313529	SRR14628271	SRR14628350	OXFORD_NANOPORE	1	1
saur	SAMN32360836	SRR22859719	SRR22859924	OXFORD_NANOPORE	1	1
saur	SAMN32360850	SRR22859703	SRR22859836	OXFORD_NANOPORE	1	1
saur	SAMN32360834	SRR22859781	SRR22859926	OXFORD_NANOPORE	1	1
saur	SAMN32360854	SRR22859994	SRR22859832	OXFORD_NANOPORE	1	1
saur	SAMN32360857	SRR22859991	SRR22859828	OXFORD_NANOPORE	1	1
saur	SAMN32360837	SRR22859718	SRR22859922	OXFORD_NANOPORE	1	1
saur	SAMN32360803	SRR22859921	SRR22859764	OXFORD_NANOPORE	1	1
saur	SAMN32360801	SRR22860045	SRR22859766	OXFORD_NANOPORE	1	1
saur	SAMN32360828	SRR22859823	SRR22859932	OXFORD_NANOPORE	1	1
saur	SAMN32360819	SRR22859946	SRR22859943	OXFORD_NANOPORE	1	1
saur	SAMN32360949	SRR22859868	SRR22859799	OXFORD_NANOPORE	1	1
saur	SAMN32360816	SRR22859856	SRR22859947	OXFORD_NANOPORE	1	1
saur	SAMN32360827	SRR22860004	SRR22859933	OXFORD_NANOPORE	1	1
saur	SAMN32360807	SRR22859977	SRR22859759	OXFORD_NANOPORE	1	1
saur	SAMN32360870	SRR22859976	SRR22859739	OXFORD_NANOPORE	1	1
saur	SAMN32360955	SRR22859861	SRR22859794	OXFORD_NANOPORE	1	1
saur	SAMN32360812	SRR22860022	SRR22859754	OXFORD_NANOPORE	1	1
saur	SAMN32360898	SRR22859777	SRR22860002	OXFORD_NANOPORE	1	1
saur	SAMN32360947	SRR22859870	SRR22859801	OXFORD_NANOPORE	1	1
saur	SAMN32360859	SRR22859989	SRR22859826	OXFORD_NANOPORE	1	1
saur	SAMN32360937	SRR22859955	SRR22859908	OXFORD_NANOPORE	1	1
saur	SAMN32360851	SRR22859702	SRR22859835	OXFORD_NANOPORE	1	1
saur	SAMN32360906	SRR22860037	SRR22859824	OXFORD_NANOPORE	1	1
saur	SAMN32360968	SRR22859773	SRR22859779	OXFORD_NANOPORE	1	1
saur	SAMN32360885	SRR22859886	SRR22860017	OXFORD_NANOPORE	1	1
saur	SAMN32360910	SRR22860032	SRR22859819	OXFORD_NANOPORE	1	1
saur	SAMN32360917	SRR22860025	SRR22859811	OXFORD_NANOPORE	1	1
saur	SAMN32360867	SRR22859980	SRR22859742	OXFORD_NANOPORE	1	1
saur	SAMN32360958	SRR22859858	SRR22859790	OXFORD_NANOPORE	1	1
saur	SAMN32360928	SRR22859965	SRR22859918	OXFORD_NANOPORE	1	1
saur	SAMN32360843	SRR22859711	SRR22859844	OXFORD_NANOPORE	1	1
saur	SAMN32360889	SRR22859882	SRR22860012	OXFORD_NANOPORE	1	1
saur	SAMN32360825	SRR22859731	SRR22859937	OXFORD_NANOPORE	1	1
saur	SAMN32360961	SRR22859854	SRR22859787	OXFORD_NANOPORE	1	1
saur	SAMN32360945	SRR22859872	SRR22859900	OXFORD_NANOPORE	1	1
saur	SAMN32360935	SRR22859957	SRR22859911	OXFORD_NANOPORE	1	1
saur	SAMN32360918	SRR22860024	SRR22859810	OXFORD_NANOPORE	1	1
saur	SAMN32360814	SRR22859952	SRR22859752	OXFORD_NANOPORE	1	1
saur	SAMN32360890	SRR22859880	SRR22860011	OXFORD_NANOPORE	1	1
saur	SAMN32360971	SRR22859769	SRR22859722	OXFORD_NANOPORE	1	1
saur	SAMN32360969	SRR22859772	SRR22859724	OXFORD_NANOPORE	1	1
saur	SAMN32360970	SRR22859770	SRR22859723	OXFORD_NANOPORE	1	1
saur	SAMN32360944	SRR22859873	SRR22859901	OXFORD_NANOPORE	1	1
saur	SAMN32360960	SRR22859855	SRR22859788	OXFORD_NANOPORE	1	1
saur	SAMN32360951	SRR22859865	SRR22859798	OXFORD_NANOPORE	1	1
saur	SAMN32360833	SRR22859792	SRR22859928	OXFORD_NANOPORE	1	1
saur	SAMN32360853	SRR22859995	SRR22859833	OXFORD_NANOPORE	1	1
saur	SAMN32360972	SRR22859768	SRR22859721	OXFORD_NANOPORE	1	1
saur	SAMN32360901	SRR22860042	SRR22859999	OXFORD_NANOPORE	1	1
saur	SAMN32360883	SRR22859888	SRR22860019	OXFORD_NANOPORE	1	1
saur	SAMN32360896	SRR22859874	SRR22860005	OXFORD_NANOPORE	1	1
saur	SAMN32360802	SRR22859935	SRR22859765	OXFORD_NANOPORE	1	1
saur	SAMN32360899	SRR22859776	SRR22860001	OXFORD_NANOPORE	1	1
saur	SAMN32360900	SRR22860043	SRR22860000	OXFORD_NANOPORE	1	1
saur	SAMN32360941	SRR22859950	SRR22859904	OXFORD_NANOPORE	1	1
saur	SAMN32360942	SRR22859949	SRR22859903	OXFORD_NANOPORE	1	1
saur	SAMN32360946	SRR22859871	SRR22859899	OXFORD_NANOPORE	1	1
saur	SAMN32360933	SRR22859959	SRR22859913	OXFORD_NANOPORE	1	1
saur	SAMN32360916	SRR22860026	SRR22859813	OXFORD_NANOPORE	1	1
saur	SAMN32360966	SRR22859775	SRR22859782	OXFORD_NANOPORE	1	1
saur	SAMN32360943	SRR22859948	SRR22859902	OXFORD_NANOPORE	1	1
saur	SAMN32360934	SRR22859958	SRR22859912	OXFORD_NANOPORE	1	1
saur	SAMN32360939	SRR22859953	SRR22859906	OXFORD_NANOPORE	1	1
saur	SAMN32360874	SRR22859972	SRR22859735	OXFORD_NANOPORE	1	1
saur	SAMN32360842	SRR22859712	SRR22859845	OXFORD_NANOPORE	1	1
saur	SAMN32360805	SRR22859704	SRR22859762	OXFORD_NANOPORE	1	1
saur	SAMN32360930	SRR22859962	SRR22859916	OXFORD_NANOPORE	1	1
saur	SAMN32360909	SRR22860034	SRR22859820	OXFORD_NANOPORE	1	1
saur	SAMN32360818	SRR22859760	SRR22859944	OXFORD_NANOPORE	1	1
saur	SAMN32360845	SRR22859709	SRR22859842	OXFORD_NANOPORE	1	1
saur	SAMN32360895	SRR22859875	SRR22860006	OXFORD_NANOPORE	1	1
saur	SAMN32360886	SRR22859885	SRR22860016	OXFORD_NANOPORE	1	1
saur	SAMN32360967	SRR22859774	SRR22859780	OXFORD_NANOPORE	1	1
saur	SAMN32360884	SRR22859887	SRR22860018	OXFORD_NANOPORE	1	1
saur	SAMN32360873	SRR22859973	SRR22859736	OXFORD_NANOPORE	1	1
saur	SAMN32360872	SRR22859974	SRR22859737	OXFORD_NANOPORE	1	1
saur	SAMN32360840	SRR22859714	SRR22859847	OXFORD_NANOPORE	1	1
saur	SAMN32360904	SRR22860039	SRR22859996	OXFORD_NANOPORE	1	1
saur	SAMN32360878	SRR22859894	SRR22859729	OXFORD_NANOPORE	1	1
saur	SAMN32360822	SRR22859840	SRR22859940	OXFORD_NANOPORE	1	1
saur	SAMN32360813	SRR22859963	SRR22859753	OXFORD_NANOPORE	1	1
saur	SAMN32360868	SRR22859979	SRR22859741	OXFORD_NANOPORE	1	1
saur	SAMN32360831	SRR22859909	SRR22859929	OXFORD_NANOPORE	1	1
saur	SAMN32360824	SRR22859743	SRR22859938	OXFORD_NANOPORE	1	1
saur	SAMN32360932	SRR22859960	SRR22859914	OXFORD_NANOPORE	1	1
saur	SAMN32360921	SRR22860020	SRR22859807	OXFORD_NANOPORE	1	1
saur	SAMN32360950	SRR22859866	SRR22859733	OXFORD_NANOPORE	1	1
saur	SAMN32360902	SRR22860041	SRR22859998	OXFORD_NANOPORE	1	1
saur	SAMN32360893	SRR22859877	SRR22860008	OXFORD_NANOPORE	1	1
saur	SAMN14225423	SRR14933399	SRR14933400	OXFORD_NANOPORE	1	1
saur	SAMN32360922	SRR22859971	SRR22859806	OXFORD_NANOPORE	1	1
saur	SAMN32360844	SRR22859710	SRR22859843	OXFORD_NANOPORE	1	1
saur	SAMN32360894	SRR22859876	SRR22860007	OXFORD_NANOPORE	1	1
saur	SAMN32360903	SRR22860040	SRR22859997	OXFORD_NANOPORE	1	1
saur	SAMN32360927	SRR22859966	SRR22859919	OXFORD_NANOPORE	1	1
saur	SAMN32360852	SRR22859701	SRR22859834	OXFORD_NANOPORE	1	1
saur	SAMN32360897	SRR22859778	SRR22860003	OXFORD_NANOPORE	1	1
saur	SAMN32360808	SRR22859892	SRR22859758	OXFORD_NANOPORE	1	1
saur	SAMN32360826	SRR22860015	SRR22859936	OXFORD_NANOPORE	1	1
saur	SAMN32360940	SRR22859951	SRR22859905	OXFORD_NANOPORE	1	1
saur	SAMN32360815	SRR22859867	SRR22859750	OXFORD_NANOPORE	1	1
saur	SAMN32360865	SRR22859982	SRR22859745	OXFORD_NANOPORE	1	1
saur	SAMN32360907	SRR22860036	SRR22859822	OXFORD_NANOPORE	1	1
saur	SAMN32360804	SRR22859715	SRR22859763	OXFORD_NANOPORE	1	1
saur	SAMN32360832	SRR22859898	SRR22859927	OXFORD_NANOPORE	1	1
saur	SAMN32360963	SRR22859852	SRR22859785	OXFORD_NANOPORE	1	1
saur	SAMN32360875	SRR22859897	SRR22859734	OXFORD_NANOPORE	1	1
saur	SAMN32360880	SRR22859891	SRR22859727	OXFORD_NANOPORE	1	1
saur	SAMN32360882	SRR22859889	SRR22859725	OXFORD_NANOPORE	1	1
saur	SAMN32360887	SRR22859884	SRR22860014	OXFORD_NANOPORE	1	1
saur	SAMN32360891	SRR22859879	SRR22860010	OXFORD_NANOPORE	1	1
saur	SAMN32360829	SRR22859812	SRR22859931	OXFORD_NANOPORE	1	1
saur	SAMN32360892	SRR22859878	SRR22860009	OXFORD_NANOPORE	1	1
saur	SAMN32360866	SRR22859981	SRR22859744	OXFORD_NANOPORE	1	1
saur	SAMN32360914	SRR22860028	SRR22859815	OXFORD_NANOPORE	1	1
saur	SAMN32360938	SRR22859954	SRR22859907	OXFORD_NANOPORE	1	1
saur	SAMN32360925	SRR22859968	SRR22859803	OXFORD_NANOPORE	1	1
saur	SAMN32360964	SRR22859851	SRR22859784	OXFORD_NANOPORE	1	1
saur	SAMN32360811	SRR22860033	SRR22859755	OXFORD_NANOPORE	1	1
saur	SAMN32360846	SRR22859708	SRR22859841	OXFORD_NANOPORE	1	1
saur	SAMN32360956	SRR22859860	SRR22859793	OXFORD_NANOPORE	1	1
saur	SAMN32360965	SRR22859849	SRR22859783	OXFORD_NANOPORE	1	1
saur	SAMN32360962	SRR22859853	SRR22859786	OXFORD_NANOPORE	1	1
saur	SAMN32360856	SRR22859992	SRR22859830	OXFORD_NANOPORE	1	1
saur	SAMN32360809	SRR22859881	SRR22859757	OXFORD_NANOPORE	1	1
saur	SAMN32360911	SRR22860031	SRR22859818	OXFORD_NANOPORE	1	1
saur	SAMN32360926	SRR22859967	SRR22859802	OXFORD_NANOPORE	1	1
saur	SAMN32360929	SRR22859964	SRR22859917	OXFORD_NANOPORE	1	1
saur	SAMN32360931	SRR22859961	SRR22859915	OXFORD_NANOPORE	1	1
saur	SAMN32360919	SRR22860023	SRR22859809	OXFORD_NANOPORE	1	1
saur	SAMN32360881	SRR22859890	SRR22859726	OXFORD_NANOPORE	1	1
saur	SAMN32360952	SRR22859864	SRR22859797	OXFORD_NANOPORE	1	1
saur	SAMN32360861	SRR22859986	SRR22859749	OXFORD_NANOPORE	1	1
saur	SAMN32360888	SRR22859883	SRR22860013	OXFORD_NANOPORE	1	1
saur	SAMN32360908	SRR22860035	SRR22859821	OXFORD_NANOPORE	1	1
saur	SAMN32360820	SRR22859934	SRR22859942	OXFORD_NANOPORE	1	1
saur	SAMN32360855	SRR22859993	SRR22859831	OXFORD_NANOPORE	1	1
saur	SAMN32360835	SRR22859720	SRR22859925	OXFORD_NANOPORE	1	1
saur	SAMN32360936	SRR22859956	SRR22859910	OXFORD_NANOPORE	1	1
saur	SAMN32360913	SRR22860029	SRR22859816	OXFORD_NANOPORE	1	1
saur	SAMN32360924	SRR22859969	SRR22859804	OXFORD_NANOPORE	1	1
saur	SAMN32360959	SRR22859857	SRR22859789	OXFORD_NANOPORE	1	1
saur	SAMN32360806	SRR22859988	SRR22859761	OXFORD_NANOPORE	1	1
saur	SAMN32360923	SRR22859970	SRR22859805	OXFORD_NANOPORE	1	1
saur	SAMN32360879	SRR22859893	SRR22859728	OXFORD_NANOPORE	1	1
saur	SAMN32360876	SRR22859896	SRR22859732	OXFORD_NANOPORE	1	1
saur	SAMN32360839	SRR22859716	SRR22859848	OXFORD_NANOPORE	1	1
saur	SAMN32360821	SRR22859923	SRR22859941	OXFORD_NANOPORE	1	1
saur	SAMN32360830	SRR22859920	SRR22859930	OXFORD_NANOPORE	1	1
saur	SAMN32360863	SRR22859984	SRR22859747	OXFORD_NANOPORE	1	1
saur	SAMN32360905	SRR22860038	SRR22859825	OXFORD_NANOPORE	1	1
saur	SAMN32360849	SRR22859705	SRR22859837	OXFORD_NANOPORE	1	1
saur	SAMN32360953	SRR22859863	SRR22859796	OXFORD_NANOPORE	1	1
saur	SAMN32360920	SRR22860021	SRR22859808	OXFORD_NANOPORE	1	1
saur	SAMN32360848	SRR22859706	SRR22859838	OXFORD_NANOPORE	1	1
saur	SAMN32360954	SRR22859862	SRR22859795	OXFORD_NANOPORE	1	1
saur	SAMN32360912	SRR22860030	SRR22859817	OXFORD_NANOPORE	1	1
saur	SAMN32360862	SRR22859985	SRR22859748	OXFORD_NANOPORE	1	1
saur	SAMN32360915	SRR22860027	SRR22859814	OXFORD_NANOPORE	1	1
saur	SAMN32360823	SRR22859829	SRR22859939	OXFORD_NANOPORE	1	1
saur	SAMN32360948	SRR22859869	SRR22859800	OXFORD_NANOPORE	1	1
saur	SAMN32360817	SRR22859771	SRR22859945	OXFORD_NANOPORE	1	1
saur	SAMN32360810	SRR22860044	SRR22859756	OXFORD_NANOPORE	1	1
saur	SAMN32360860	SRR22859987	SRR22859751	OXFORD_NANOPORE	1	1
saur	SAMN32360838	SRR22859717	SRR22859850	OXFORD_NANOPORE	1	1
saur	SAMN32360841	SRR22859713	SRR22859846	OXFORD_NANOPORE	1	1
saur	SAMN32360871	SRR22859975	SRR22859738	OXFORD_NANOPORE	1	1
saur	SAMN32360864	SRR22859983	SRR22859746	OXFORD_NANOPORE	1	1
saur	SAMN32360847	SRR22859707	SRR22859839	OXFORD_NANOPORE	1	1
saur	SAMN32360869	SRR22859978	SRR22859740	OXFORD_NANOPORE	1	1
saur	SAMN32360877	SRR22859895	SRR22859730	OXFORD_NANOPORE	1	1
saur	SAMN32360800	SRR22860046	SRR22859767	OXFORD_NANOPORE	1	1
saur	SAMN32360957	SRR22859859	SRR22859791	OXFORD_NANOPORE	1	1
saur	SAMN32360858	SRR22859990	SRR22859827	OXFORD_NANOPORE	1	1
abau	SAMN20178847	SRR15115348	SRR15115349	OXFORD_NANOPORE	1	1
abau	SAMN15437745	SRR12145306	SRR12145305	OXFORD_NANOPORE	1	1
abau	SAMN32801359	SRR26643502	SRR23130244	OXFORD_NANOPORE	1	1
abau	SAMN32801357	SRR26643503	SRR23130246	OXFORD_NANOPORE	1	1
abau	SAMN15646565	SRR15972781	SRR15972782	OXFORD_NANOPORE	1	1
efae	SAMN18082828	SRR13804547	SRR13825700	OXFORD_NANOPORE	1	1
efae	SAMN10863493	SRR8523159	SRR8523160	OXFORD_NANOPORE	1	1
